canal,mes,gasto_cop
Organico / Contenido,2024-01,2019697.0
Google Ads,2024-01,2835219.0
Meta Ads,2024-01,2893503.0
Programa de Referidos,2024-01,657356.0
Partners,2024-01,1549983.0
Outbound / SDR,2024-01,7807918.0
Organico / Contenido,2024-02,1818835.0
Google Ads,2024-02,3004921.0
Meta Ads,2024-02,2088994.0
Programa de Referidos,2024-02,615737.0
Partners,2024-02,1072192.0
Outbound / SDR,2024-02,8355937.0
Organico / Contenido,2024-03,1958225.0
Google Ads,2024-03,3495639.0
Meta Ads,2024-03,2970937.0
Programa de Referidos,2024-03,352572.0
Partners,2024-03,1103448.0
Outbound / SDR,2024-03,8676604.0
Organico / Contenido,2024-04,1842204.0
Google Ads,2024-04,2093351.0
Meta Ads,2024-04,2561824.0
Programa de Referidos,2024-04,394747.0
Partners,2024-04,1279108.0
Outbound / SDR,2024-04,7594775.0
Organico / Contenido,2024-05,2124930.0
Google Ads,2024-05,3591121.0
Meta Ads,2024-05,2725463.0
Programa de Referidos,2024-05,710130.0
Partners,2024-05,1177174.0
Outbound / SDR,2024-05,8467409.0
Organico / Contenido,2024-06,1987109.0
Google Ads,2024-06,2227821.0
Meta Ads,2024-06,1708527.0
Programa de Referidos,2024-06,380282.0
Partners,2024-06,1104202.0
Outbound / SDR,2024-06,6818002.0
Organico / Contenido,2024-07,1710946.0
Google Ads,2024-07,3067235.0
Meta Ads,2024-07,2197045.0
Programa de Referidos,2024-07,443105.0
Partners,2024-07,1517484.0
Outbound / SDR,2024-07,8221343.0
Organico / Contenido,2024-08,1879888.0
Google Ads,2024-08,4523743.0
Meta Ads,2024-08,1789308.0
Programa de Referidos,2024-08,532906.0
Partners,2024-08,1083508.0
Outbound / SDR,2024-08,8219029.0
Organico / Contenido,2024-09,1892172.0
Google Ads,2024-09,1984230.0
Meta Ads,2024-09,4086723.0
Programa de Referidos,2024-09,717521.0
Partners,2024-09,984646.0
Outbound / SDR,2024-09,7834092.0
Organico / Contenido,2024-10,2161712.0
Google Ads,2024-10,1589885.0
Meta Ads,2024-10,1244353.0
Programa de Referidos,2024-10,295915.0
Partners,2024-10,1024366.0
Outbound / SDR,2024-10,7632515.0
Organico / Contenido,2024-11,1917607.0
Google Ads,2024-11,1604529.0
Meta Ads,2024-11,1209222.0
Programa de Referidos,2024-11,308395.0
Partners,2024-11,914627.0
Outbound / SDR,2024-11,7798065.0
Organico / Contenido,2024-12,1843447.0
Google Ads,2024-12,1325867.0
Meta Ads,2024-12,1337677.0
Programa de Referidos,2024-12,305990.0
Partners,2024-12,955501.0
Outbound / SDR,2024-12,6444144.0
