id_contacto_crm,nombre_empresa,nombre_contacto,email,telefono,canal_adquisicion,fecha_alta_lead,etapa
CRM-009051,"Martínez, Núñez and Carmona",José Aguirre,martha@ortega-quintero.net,487-920-6980,Organico,2024-11-04,Lead
CRM-009018,Gil-Acosta,Paula Peña Vargas,carmen@perez.org,(286) 990-4137,Pago-Meta,2024-11-15,Trial
CRM-000178,"SÁNCHEZ, DÍAZ AND GUZMÁN",Luis Camilo Gómez Muñoz,eugenia@sanchez.com,+57 916 3756289,Organico,2024-01-03,Cliente
CRM-000154,"Bautista, Vanegas and Villa",Yaneth Marisol Figueroa Guerrero,andrés@bautista.com,+57 416 0898992,organico,2024-03-11,Cliente
CRM-000062,Martínez PLC,Denis Bedoya Cardona,manuel@martinez.com,2268018242,Referido,19/07/2024,Cliente
CRM-000124,"Pérez, García and Molina",Luis Cifuentes López,aura@perez.com,2189092753,Pago-Google,21/05/2024,Cliente
CRM-000160,Vargas-García,Andrea Pulido,alejandra@vargasgarcia.com,053-457-8610,google ads,2024-07-27,Cliente
CRM-000009,SANABRIA-AGUDELO,Luis Torres Sánchez,mónica@sanabriaagudelo.com,+57 499 4717464,Meta Ads,2024-01-18,Cliente
CRM-000009,SANABRIA-AGUDELO,Luis Torres Sánchez,mónica@sanabriaagudelo.com,+57 499 4717464,Meta Ads,2024-01-18,Cliente
CRM-000103,Suárez-Rosero,Daniel Cortés Parra,maría@suarezrosero.com,9560466183,Organico,2024-08-13,Cliente
CRM-000024,"Pardo, Álvarez and Hoyos",José Montoya Cárdenas,javier@pardo.com,1370985931,meta ads,02/01/2024,Cliente
CRM-009028,"Castro, Torres and Escobar",Lina Salazar,gilberto@sierra.com,+57 500 3691559,Outbound,12/06/2024,Lead
CRM-000043,Hernández Group,Dario Maicol Daza Gómez,ferney@mantilla.com,820-715-1820,Canal Partner,2024-07-03,Cliente
CRM-009009,"Rodríguez, Martínez and Camacho",Yohana Laura López Montoya,diego@guevara.com,(110) 248-1934,Pago-Meta,2024-08-19,Perdido
CRM-000176,Pinto-López,Vanessa Pérez Mosquera,francy@pintolopez.com,(216) 674-6762,SEM,2024-03-10,Cliente
CRM-000006,Uribe and Sons,Carmen Prieto,martha@uribe.com,902-294-1318,Referido,24/05/2024,Cliente
CRM-000074,"Prieto, Parra and Ibarra",Blanca Deyanira Acosta Rivera,ronald@prieto.com,5497334843,organico,2024-09-26,Cliente
CRM-000006,Uribe and Sons,Carmen Prieto,martha@uribe.com,902-294-1318,Referido,24/05/2024,Cliente
CRM-009012,Espitia-Melo,Ana Torres Palacio,elena@sandoval.com,141-397-5523,Organico,2024-10-05,Perdido
CRM-000063,Tamayo and Sons,Cecilia Blanco Herrera,ALEX@TAMAYO.COM,(842) 498-1829,Facebook Ads,2024-03-13,Cliente
CRM-000127,Sánchez Inc,Leonardo Andrés Campo Rodríguez,consuelo@sanchez.com,6582710910,google ads,2024-07-20,Cliente
CRM-000133,Torres-Cifuentes,Antonio Aníbal Ruiz,AUGUSTO@TORRESCIFUENTES.COM,(238) 061-7445,SEO,2024-02-19,Cliente
CRM-000019,"ACEVEDO, LOZANO AND VARGAS",Eduardo Carlos Contreras,CARLOS@ACEVEDO.COM,969-379-2374,SEO,2024-04-19,Cliente
CRM-009016,Martínez LLC,María Sandra Gamboa Morales,yuly@rangel-gomez.com,+57 989 2665918,Organico,14/01/2024,Trial
CRM-000100,"Alvarado, Arrieta and Ortiz",Octavio Suárez Ospina,carlos@alvarado.com,218-501-6315,organico,2024-03-03,Cliente
CRM-000137,ÁVILA-PINZÓN,Gustavo Galvis Ruiz,luisa@avilapinzon.com,1212775618,meta ads,13/03/2024,Cliente
CRM-000073,García Inc,Lucy Vargas Córdoba,diego@garcia.com,626-368-9702,referido cliente,21/09/2024,Cliente
CRM-000064,Parra Group,Andrea Pineda Pabón,gladys@parra.com,(943) 969-0784,Meta Ads,2024-05-09,Cliente
CRM-000083,"Suárez, Castrillón and Arévalo",María Esperanza Mora,carlos@suarez.com,+57 713 9718707,google ads,2024-08-21,Cliente
CRM-000015,BUSTAMANTE-ORDÓÑEZ,Steven Gutiérrez,stella@bustamanteordonez.com,+57 755 8867533,Outbound,10/03/2024,Cliente
CRM-000028,Pineda Ltd,Silvia Martha Guevara Angulo,juan@pineda.com,4210205395,meta ads,2024-06-02,Cliente
CRM-000177,ACEVEDO-SALCEDO,Patricia Juliana Bejarano,santiago@acevedosalcedo.com,+57 972 9659027,referido cliente,2024-01-23,Cliente
CRM-009033,"Bermúdez, García and Pérez",Luz Vilma Ortega,luz@silva-orjuela.com,643-347-2282,Referido,2024-09-22,Lead
CRM-000098,RODRÍGUEZ-GALVIS,Elcy Martha Duque Miranda,jesús@rodriguezgalvis.com,(687) 002-1765,google ads,2024-03-12,Cliente
CRM-000031,Duarte Inc,Eduardo Orlando Jiménez,josé@duarte.com,+57 367 3657661,Meta Ads,2024-09-09,Cliente
CRM-000169,Escobar-Gamboa,Víctor Castillo Paz,JENNY@ESCOBARGAMBOA.COM,0583003354,meta ads,2024-07-16,Cliente
CRM-000068,"DURÁN, REYES AND DÍAZ",Alfonso Parada Rojas,DAYANA@DURAN.COM,+57 748 0162456,referido cliente,2024-05-11,Cliente
CRM-009041,"Rivera, Vanegas and Vargas",Olga Mendoza,elizabeth@rincon.com,2182744857,Outbound,25/12/2024,Perdido
CRM-009011,"Torres, Cano and Bautista",Aurelio Sánchez,javier@jaimes.net,(996) 881-4353,Pago-Google,2024-02-15,Trial
CRM-000010,ARIZA PLC,Óscar Orlando Campo Galvis,alberto@ariza.com,(904) 902-7874,Google Ads,07/02/2024,Cliente
CRM-009052,Pérez-Gutiérrez,Andrés Hoyos,maría@duran-vergara.com,+57 368 1579812,Referido,20/02/2024,Perdido
CRM-000043,MANTILLA PLC,Dario Maicol Daza Gómez,ferney@mantilla.com,820-715-1820,Canal Partner,2024-06-01,Cliente
CRM-000106,Parada LLC,Erick Jiménez Vélez,DINA@PARADA.COM,651-939-8280,meta ads,2024-05-06,Cliente
CRM-000070,"Ríos, Cano and Martínez",Jaime Manuel Sánchez,alberto@rios.com,+57 025 7872982,Referral,2024-01-09,Cliente
CRM-000024,Loaiza-Franco,José Montoya Cárdenas,javier@pardo.com,1370985931,meta ads,08/05/2024,Cliente
CRM-000146,Parra-Ríos,Ximena Sanabria Estrada,EVER@PARRARIOS.COM,+57 545 2267528,meta ads,13/02/2024,Cliente
CRM-009035,Muñoz-Suárez,Lina Uribe,marcela@correa-rodriguez.info,4930853686,Organico,2024-02-17,Lead
CRM-000018,"Ortiz, Cuesta and Jaimes",Natalia Moreno,manuel@ortiz.com,+57 117 2400504,Referral,2024-05-02,Cliente
CRM-000079,"ORJUELA, GARCÍA AND ROJAS",Margoth Claudia Cárdenas,JORGE@ORJUELA.COM,+57 431 5274205,SEO,2024-07-03,Cliente
CRM-000128,Castrillón PLC,Alberto Caballero,efrain@castrillon.com,+57 666 1889241,Pago-Google,2024-01-27,Cliente
CRM-009049,Serna-Sánchez,Andrés Julián Martínez,pilar@castillo.com,7693898331,Organico,2024-09-23,Lead
CRM-000156,Fajardo PLC,Jaime Caicedo Zuluaga,josé@fajardo.com,+57 616 2299911,Outbound,2024-05-27,Cliente
CRM-000102,RAMÍREZ GROUP,María Ana Amaya,fernando@ramirez.com,1047541212,organico,22/04/2024,Cliente
CRM-000163,Trujillo and Sons,Antonio Felipe Buitrago Bravo,catalina@trujillo.com,899-441-7154,alianza,2024-01-20,Cliente
CRM-000104,TORRES LTD,Nubia Pérez Ortiz,alba@torres.com,4647154379,Partner,2024-01-05,Cliente
CRM-000088,Mora-Vargas,Alba Leonor Guevara Hernández,alveiro@moravargas.com,+57 953 4283644,referido cliente,2024-02-10,Cliente
CRM-009036,Vargas-Forero,Néstor Torres García,antonio@cabrera.com,(312) 241-7974,Pago-Google,2024-07-10,Trial
CRM-000056,"MARTÍNEZ, ARANGO AND JAIMES",Edgar Manuel Bautista Ortiz,ANA@MARTINEZ.COM,+57 284 5115447,Referral,17/01/2024,Cliente
CRM-000016,Rivera Group,David Guevara Gómez,mauricio@rivera.com,028-951-7187,google ads,2024-09-02,Cliente
CRM-000051,García-Moreno,Alberto Sánchez,walter@garciamoreno.com,410-369-7117,Pago-Google,2024-08-19,Cliente
CRM-000135,Cruz Group,Luisa Yolanda Aguirre Rodríguez,mary@cruz.com,836-702-4103,meta ads,05/03/2024,Cliente
CRM-000180,Restrepo-Luna,Ferney García Marín,CARLOS@RESTREPOLUNA.COM,170-166-0880,google ads,2024-08-17,Cliente
CRM-009031,Mosquera-Londoño,Javier Peña,judith@corredor.net,(877) 169-4722,Referido,25/03/2024,Trial
CRM-000076,Betancur-Ramírez,José Pedraza,ana@betancurramirez.com,3848421993,alianza,05/05/2024,Cliente
CRM-000168,González-Rodríguez,Carlos Jhonatan Díaz García,nelly@gonzalezrodriguez.com,743-292-7129,Organico,2024-03-11,Cliente
CRM-000036,Polo LLC,Mayra Ana Gallego,luz@polo.com,7976438156,Organico,2024-09-19,Cliente
CRM-000129,Cárdenas Ltd,Andrés Cáceres,roger@cardenas.com,(914) 630-3161,Meta Ads,2024-03-18,Cliente
CRM-000095,Maldonado-Rosero,Dolores Ríos Bedoya,luz@cortes.com,(623) 120-3875,Referral,17/10/2024,Cliente
CRM-009034,Gómez LLC,León Felipe Bohórquez,ignacio@marin.com,+57 845 7831745,Organico,2024-11-22,Perdido
CRM-000072,Salamanca Inc,Dario Bautista Bonilla,eduardo@salamanca.com,+57 993 0972896,Meta Ads,14/09/2024,Cliente
CRM-000107,Bedoya-Castillo,Edwar Alberto Bautista Serrano,patricia@bedoyacastillo.com,+57 342 6617979,SEM,2024-02-24,Cliente
CRM-000165,"Erazo, Restrepo and Muñoz",Diego Daza Orozco,cristobal@erazo.com,758-428-2417,google ads,06/02/2024,Cliente
CRM-000123,"Rojas, Ortega and Galeano",Pablo Rueda Rodríguez,virginia@rojas.com,(700) 516-2713,Facebook Ads,27/05/2024,Cliente
CRM-000153,Gómez-Quintero,Juan Rivas Arias,cindy@gomezquintero.com,(349) 021-1586,Google Ads,2024-01-23,Cliente
CRM-000084,"López, Monsalve and Ortiz",Rocío Cruz Martínez,lucila@lopez.com,0391065180,Referral,2024-09-12,Cliente
CRM-000112,Rodríguez-Velandia,Jhon Daza Nieto,verónica@munoz.com,+57 341 9182553,Referral,2024-07-22,Cliente
CRM-000139,SARMIENTO GROUP,Ruth Muñoz,nel@sarmiento.com,8317121003,organico,10/04/2024,Cliente
CRM-000077,"Suárez, Ruiz and Espinosa",María Nora Torres Moreno,diana@suarez.com,0826773454,organico,2024-06-02,Cliente
CRM-009042,Guevara PLC,Arturo Nieto Beltrán,juliana@moreno.net,829-456-5118,Outbound,24/12/2024,Trial
CRM-000108,"Valencia, Gómez and Monsalve",Sebastián Salgado Polo,omaira@valencia.com,(113) 529-0965,google ads,2024-08-17,Cliente
CRM-000130,"Ramírez, Benavides and Zapata",Mario Andrés Soto Navarro,gloria@ramirez.com,(758) 842-5241,Google Ads,25/03/2024,Cliente
CRM-000065,Leal Inc,Jairo Cifuentes,MANUEL@LEAL.COM,(276) 773-5925,Outbound,17/06/2024,Cliente
CRM-000003,"GALINDO, GARCÍA AND SALAZAR",Luz Torres,eduardo@galindo.com,(885) 685-5744,Organico,2024-04-20,Cliente
CRM-000112,Muñoz Ltd,Jhon Daza Nieto,verónica@munoz.com,+57 341 9182553,Referral,2024-01-22,Cliente
CRM-009002,"Velasco, Fernández and Perdomo",Miguel William Mora Corredor,maría@martinez.info,169-958-6693,Partner,2024-03-20,Lead
CRM-009001,Salcedo-Alfonso,Iván Arias,sandra@rincon.biz,(316) 373-5160,Outbound,2024-08-26,Lead
CRM-000119,"BALLESTEROS, BUITRAGO AND PABÓN",Jeisson Molina,raúl@ballesteros.com,+57 422 3253672,SEO,2024-04-13,Cliente
CRM-000114,MORALES INC,Lucía Moreno González,katherine@morales.com,+57 929 6627828,Partner,19/08/2024,Cliente
CRM-000151,Montoya-Galvis,Carlos López Rojas,liliana@montoyagalvis.com,+57 106 9872050,SEO,12/09/2024,Cliente
CRM-000089,López Group,Yaneth Vega,felipe@lopez.com,+57 056 8566246,organico,2024-08-11,Cliente
CRM-000027,"Rincón, Tovar and Prieto",Juan González,edgar@rincon.com,(005) 329-3183,referido cliente,2024-02-16,Cliente
CRM-009000,Mercado PLC,Danilo Londoño,jesús@quiroga-morales.com,+57 997 5711305,Partner,03/02/2024,Lead
CRM-000161,Torres-García,Rosa Stella Díaz Polo,juan@zambrano.com,1406029333,SEO,2024-02-01,Cliente
CRM-009039,"Salamanca, Rubio and Sánchez",Alicia Caicedo,paola@henao-ramirez.com,5024916300,Organico,2024-07-20,Trial
CRM-000093,"OSORIO, RODRÍGUEZ AND GARCÍA",Fernando Molina,deicy@osorio.com,(556) 093-2048,meta ads,19/09/2024,Cliente
CRM-000005,"Vásquez, Torres and Fernández",Lucía Toro Hernández,maría@vasquez.com,+57 710 9477752,Meta Ads,12/02/2024,Cliente
CRM-000052,"REYES, MONTOYA AND VANEGAS",Valentina Córdoba,óscar@reyes.com,5396218518,Meta Ads,08/03/2024,Cliente
CRM-000126,Sandoval and Sons,Alexis Barrios,edgar@sandoval.com,836-403-7613,Meta Ads,22/07/2024,Cliente
CRM-000161,ZAMBRANO INC,Rosa Stella Díaz Polo,juan@zambrano.com,1406029333,SEO,15/01/2024,Cliente
CRM-000113,"Pacheco, Ballesteros and Daza",Luis Fredy Rincón Paz,eugenia@pacheco.com,155-792-4991,SDR,09/01/2024,Cliente
CRM-000061,Montes-Ordóñez,Rosalba Paola Zapata Mosquera,CARLOS@MONTESORDONEZ.COM,(114) 678-6691,meta ads,2024-08-20,Cliente
CRM-000162,"Gómez, Gómez and Vargas",Marcela Adriana Rodríguez Patiño,sebastián@gomez.com,(903) 494-4665,Google Ads,15/07/2024,Cliente
CRM-000078,Rodríguez PLC,Valeria López,carlos@rodriguez.com,0672400499,SEO,2024-07-10,Cliente
CRM-009029,Díaz-Ortiz,Felipe Ávila,dora@salazar-guerrero.com,2929314386,Pago-Google,2024-04-15,Lead
CRM-000145,Toro Inc,Ángel Juan Gómez Martínez,alberto@toro.com,+57 593 2525002,Google Ads,2024-08-08,Cliente
CRM-000029,Hurtado-Flórez,Andrea Martínez,jairo@hurtadoflorez.com,(589) 178-3908,organico,2024-03-08,Cliente
CRM-000012,Caicedo Ltd,Andrés Antonio González Perdomo,WILSON@CAICEDO.COM,(038) 597-7034,Facebook Ads,2024-06-14,Cliente
CRM-000033,González-Mejía,Fredy Camilo Arboleda,alex@gonzalezmejia.com,451-983-2731,Pago-Google,2024-06-26,Cliente
CRM-000026,"CASTILLO, TORRES AND BOLÍVAR",Pablo Palacio Garzón,samuel@castillo.com,+57 773 5158506,Partner,2024-02-09,Cliente
CRM-000040,González LLC,Ignacio Cano Torres,jaime@gonzalez.com,8355231243,Referido,2024-04-25,Cliente
CRM-000142,Castro Inc,Paula Tatiana Nieto Acosta,andrea@castro.com,838-065-7875,organico,2024-02-16,Cliente
CRM-000097,Leal and Sons,Roberto Chávez González,diana@quirozzambrano.com,845-461-5679,Meta Ads,13/10/2024,Cliente
CRM-000108,Díaz-Burgos,Sebastián Salgado Polo,omaira@valencia.com,(113) 529-0965,google ads,2024-10-18,Cliente
CRM-000022,Torres Inc,Pedro Camargo,alexander@torres.com,709-521-4562,google ads,15/05/2024,Cliente
CRM-000131,Sánchez Ltd,Claudia Osorio,JOSÉ@SANCHEZ.COM,(785) 079-2524,Organico,2024-01-06,Cliente
CRM-000085,Villamizar and Sons,Zulma Leidy Gutiérrez,gloria@villamizar.com,766-182-5128,alianza,2024-03-23,Cliente
CRM-000164,Ortega Inc,Ramiro Fernando Amaya,STIVEN@ORTEGA.COM,309-652-0744,organico,2024-01-27,Cliente
CRM-000157,Díaz-Muñoz,Ingrid Bibiana Cuéllar,henry@vergara.com,+57 970 2462996,Facebook Ads,2024-04-26,Cliente
CRM-000048,Torres LLC,Joaquín Juan Buitrago Jaramillo,edna@torres.com,(623) 924-0758,Canal Partner,2024-07-14,Cliente
CRM-000101,"González, Bohórquez and Andrade",Erick Valencia Acevedo,julián@gonzalez.com,8662961943,organico,2024-03-05,Cliente
CRM-000167,"Pinzón, Castaño and Pérez",Andrés Víctor Murillo Beltrán,zoraida@pinzon.com,(846) 022-3569,referido cliente,13/09/2024,Cliente
CRM-000087,Ramírez-Acevedo,María Sofía Garzón,segundo@ramirezacevedo.com,+57 190 7903067,Partner,07/04/2024,Cliente
CRM-009025,Torres-Corredor,Cristhian Fabián Muñoz Parra,sandra@mora.com,(769) 735-7790,Referido,2024-12-25,Lead
CRM-009014,Caicedo-Díaz,Marisol Yolima Hernández,andrés@ardila-pineda.com,9693084887,Organico,2024-02-13,Perdido
CRM-000071,"Acosta, Villegas and Contreras",Eduar Alexander Medina,david@acosta.com,8879470551,SDR,2024-01-07,Cliente
CRM-000151,Montoya-Galvis,Carlos López Rojas,liliana@montoyagalvis.com,+57 106 9872050,SEO,12/09/2024,Cliente
CRM-000039,CARVAJAL GROUP,Guillermo Guerrero González,MARÍA@CARVAJAL.COM,5161369681,Google Ads,03/03/2024,Cliente
CRM-009003,Castillo-Herrera,Daniel Hernández,jessica@rivas.net,3945228851,Outbound,2024-08-18,Perdido
CRM-000149,"Rodríguez, Rangel and Escobar",Elena Ardila,isaac@rodriguez.com,(861) 793-2710,SEO,2024-03-17,Cliente
CRM-000025,Ortiz and Sons,Wilmar Jesús Parra Hernández,gregorio@ortiz.com,(382) 675-8692,Pago-Google,2024-05-23,Cliente
CRM-000104,TORRES LTD,Nubia Pérez Ortiz,alba@torres.com,4647154379,Partner,2024-01-05,Cliente
CRM-000134,"Delgado, Martínez and Vargas",Yaneth María Ramírez,carlos@delgado.com,597-383-2060,Partner,2024-07-19,Cliente
CRM-000001,"González, Villamizar and Vargas",Alexander Vargas,IGNACIO@GONZALEZ.COM,+57 996 5075273,meta ads,22/04/2024,Cliente
CRM-009015,"Guevara, Morales and Torres",Carlos Sierra,andrea@sierra-vergara.org,+57 229 9275037,Outbound,2024-01-19,Lead
CRM-000092,MENA PLC,Jesús Estiven Rojas,liliana@mena.com,363-854-6785,SEO,04/03/2024,Cliente
CRM-000174,Romero Group,Hernando Jorge Gómez,yurani@romero.com,+57 001 1972181,Referido,2024-05-11,Cliente
CRM-000170,Medina-Forero,Luz Mora Suárez,patricia@medinaforero.com,+57 898 5625753,Referral,2024-07-05,Cliente
CRM-000090,Gómez-Quintero,Leonor Ortega Gaitán,karen@gomezquintero.com,(668) 826-3435,SDR,2024-01-20,Cliente
CRM-000034,RODRÍGUEZ-CAMARGO,Harold Manuel Castellanos,CARLOS@RODRIGUEZCAMARGO.COM,8094024455,SDR,01/05/2024,Cliente
CRM-000057,Castillo LLC,Juan Marín Cardona,daniel@castillo.com,016-582-0297,Canal Partner,2024-01-21,Cliente
CRM-000158,Rojas-Valencia,Alejandra Cuéllar,eduardo@rojasvalencia.com,0544471324,Referido,2024-05-20,Cliente
CRM-009047,Mosquera-Hernández,Danilo Antonio Muñoz,karen@castillo.com,(194) 096-1055,Organico,20/10/2024,Trial
CRM-000011,CARDOZO GROUP,Lilian Mejía Aguilar,isaac@cardozo.com,5125674680,Referral,2024-06-24,Cliente
CRM-009038,Benítez and Sons,Marcela Medina,andrés@ramirez.biz,7303718376,Organico,22/03/2024,Trial
CRM-000100,"Alvarado, Arrieta and Ortiz",Octavio Suárez Ospina,carlos@alvarado.com,218-501-6315,organico,2024-03-03,Cliente
CRM-000025,"Londoño, Muñoz and Orozco",Wilmar Jesús Parra Hernández,gregorio@ortiz.com,(382) 675-8692,Pago-Google,2024-09-19,Cliente
CRM-000150,Márquez-Posada,José Muñoz,sandra@rodriguezromero.com,181-599-7062,SEM,2024-12-20,Cliente
CRM-000004,"Agudelo, Londoño and Becerra",David Camargo,VALENTINA@AGUDELO.COM,498-941-3435,SEM,2024-03-03,Cliente
CRM-000110,PADILLA-ÁLVAREZ,Luz Nelcy Hernández,mercedes@padillaalvarez.com,(571) 775-1401,organico,17/07/2024,Cliente
CRM-000030,"Orjuela, Contreras and Domínguez",Miguel Alfonso,LUZ@ORJUELA.COM,(771) 159-2124,Google Ads,16/04/2024,Cliente
CRM-000141,"CASTRO, CASTAÑO AND REYES",Andrés Emiro Mejía Vanegas,gisela@castro.com,(324) 472-0999,prospeccion en frio,2024-04-07,Cliente
CRM-009020,Acosta PLC,Melissa Contreras,alfonso@ramos.org,508-637-6599,Outbound,2024-10-10,Perdido
CRM-000125,"BELTRÁN, LÓPEZ AND CANTILLO",Aurora Garzón Marín,marina@beltran.com,656-523-4138,SEM,2024-05-17,Cliente
CRM-000058,VARGAS AND SONS,Patricia Moreno,jorge@vargas.com,9275571928,google ads,2024-08-01,Cliente
CRM-000122,"CALDERÓN, RUIZ AND MARÍN",Inés Rodríguez Bustos,alejandra@calderon.com,(154) 152-0643,meta ads,02/07/2024,Cliente
CRM-000115,"Cáceres, Trujillo and Vergara",Olga Hernández Álvarez,SUSANA@CACERES.COM,+57 236 8876767,referido cliente,2024-02-03,Cliente
CRM-009044,"Rico, Guerrero and Arias",Elsa Ortiz,maría@palacio.com,633-839-2886,Pago-Google,23/01/2024,Perdido
CRM-009004,Londoño-Murillo,Fredy Santos Lozano,henry@montes-guzman.com,+57 342 4420438,Pago-Google,2024-05-26,Perdido
CRM-000065,Rivera Group,Jairo Cifuentes,MANUEL@LEAL.COM,(276) 773-5925,Outbound,27/11/2024,Cliente
CRM-009007,"Suárez, Angulo and Caicedo",Socorro Cecilia Torres,rosa@serna.biz,355-543-9878,Pago-Google,2024-12-22,Trial
CRM-000060,Pulido Inc,Patricia María Pérez,alejandro@pulido.com,(884) 422-5831,Outbound,2024-08-12,Cliente
CRM-000042,"ERAZO, GARCÍA AND REYES",Ernesto Vega,dayana@erazo.com,+57 005 4119986,Referido,2024-09-03,Cliente
CRM-000157,Díaz-Muñoz,Ingrid Bibiana Cuéllar,henry@vergara.com,+57 970 2462996,Facebook Ads,2024-04-26,Cliente
CRM-000143,"Gutiérrez, Ortiz and Ruiz",Jhon Juan Ruiz,marina@gutierrez.com,5932133480,meta ads,2024-05-04,Cliente
CRM-000038,Montoya PLC,Tatiana Osorio,carmen@montoya.com,(160) 607-1596,referido cliente,26/09/2024,Cliente
CRM-000111,"BUSTAMANTE, GONZÁLEZ AND MALDONADO",Miriam Jaimes,javier@bustamante.com,(825) 867-3622,referido cliente,2024-03-05,Cliente
CRM-000140,Muñoz-Vargas,Diana Castillo Duque,ramón@munozvargas.com,101-372-1510,organico,2024-06-03,Cliente
CRM-000023,Castillo-Martínez,Patricia Alba Domínguez Contreras,arley@castillomartinez.com,517-123-6851,prospeccion en frio,2024-01-27,Cliente
CRM-009002,"Velasco, Fernández and Perdomo",Miguel William Mora Corredor,maría@martinez.info,169-958-6693,Partner,2024-03-20,Lead
CRM-000179,"ORTIZ, MONTES AND MONTOYA",María Betancur,josé@ortiz.com,+57 753 5408386,Outbound,2024-09-23,Cliente
CRM-000075,Navarro-Ospina,Hugo Rueda,EDUARDO@VARGAS.COM,8441986652,google ads,18/08/2024,Cliente
CRM-000037,"Palacios, Ramírez and Arias",Isabel Ruth Reyes,enrique@palacios.com,0034324451,Meta Ads,2024-01-09,Cliente
CRM-009024,Ramírez-Páez,Natalia Gladys Mosquera Hoyos,jeferson@orjuela.com,+57 801 1848955,Pago-Meta,25/07/2024,Trial
CRM-000044,"Pérez, Silva and Calderón",Sonia Aleida Silva León,juliana@perez.com,+57 905 1518644,SDR,2024-03-03,Cliente
CRM-000086,Castro-Rojas,Cristian Padilla Torres,maría@castrorojas.com,6863375243,Meta Ads,2024-04-04,Cliente
CRM-009054,Triana-Hoyos,Dora Beatriz Buitrago,omar@torres.com,(329) 832-4826,Organico,2024-10-04,Lead
CRM-000148,ESPITIA-OROZCO,Vilma Patricia Sarmiento,leidy@espitiaorozco.com,704-331-5410,Meta Ads,17/04/2024,Cliente
CRM-000041,Moreno-Moreno,Karen Ochoa Hoyos,gloria@morenomoreno.com,799-552-7177,Canal Partner,15/07/2024,Cliente
CRM-000132,Galindo Inc,Wendy Gladys González,jairo@galindo.com,(075) 622-0863,Meta Ads,2024-04-12,Cliente
CRM-000166,Pérez-Calderón,Astrid Bonilla Velásquez,yeison@perezcalderon.com,3465549471,Outbound,2024-02-13,Cliente
CRM-000003,López and Sons,Luz Torres,eduardo@galindo.com,(885) 685-5744,Organico,2024-10-05,Cliente
CRM-000096,Maldonado and Sons,Natalia Soto,david@maldonado.com,+57 886 0084840,SEM,2024-01-16,Cliente
CRM-000049,"Torres, García and Barrera",Maritza Rocío González,ana@torres.com,261-375-0606,SEO,2024-05-19,Cliente
CRM-000120,"JARAMILLO, PARRA AND PALACIO",John Rivera,ana@jaramillo.com,5775901751,SEM,2024-09-16,Cliente
CRM-009045,"López, Henao and Mosquera",Hernando Alejandro López Alzate,luis@quintero.info,566-593-9836,Outbound,25/09/2024,Lead
CRM-009008,"Rodríguez, Camacho and Marín",Carol Flor Ruiz Ceballos,danilo@munoz-vanegas.com,(704) 358-1128,Referido,2024-11-04,Perdido
CRM-009050,Castaño-Valencia,Luz Adriana Morales,liliana@vega-rodriguez.com,(927) 033-5211,Pago-Google,26/02/2024,Perdido
CRM-000046,"Ramírez, Álvarez and Barragán",Rosa Díaz,fernanda@ramirez.com,(214) 188-8059,Organico,2024-03-01,Cliente
CRM-000150,Rodríguez-Romero,José Muñoz,sandra@rodriguezromero.com,181-599-7062,SEM,2024-08-26,Cliente
CRM-000075,"Vargas, Hurtado and Beltrán",Hugo Rueda,EDUARDO@VARGAS.COM,8441986652,google ads,15/07/2024,Cliente
CRM-000032,"Loaiza, Espinosa and Solano",Alejandro Hernán Arias,lucía@loaiza.com,(161) 528-0988,meta ads,23/01/2024,Cliente
CRM-009030,Ramírez-Vera,Leidy Rodríguez Salazar,marcela@delgado.com,612-034-7175,Partner,2024-08-26,Lead
CRM-000007,"Salazar, Castro and Rojas",Ricardo Mercado Torres,josé@salazar.com,+57 649 9091334,Meta Ads,14/02/2024,Cliente
CRM-000157,"VERGARA, GARCÍA AND OSORIO",Ingrid Bibiana Cuéllar,henry@vergara.com,+57 970 2462996,Facebook Ads,2024-01-13,Cliente
CRM-009026,González-Martínez,Gladys Martha Ruiz Pedraza,josé@bermudez.com,+57 182 7553942,Outbound,06/11/2024,Perdido
CRM-000099,Ocampo-Peña,Lady Matilde Torres,rodrigo@ocampopena.com,4890250392,Google Ads,03/02/2024,Cliente
CRM-000083,"Rodríguez, Ayala and Suárez",María Esperanza Mora,carlos@suarez.com,+57 713 9718707,google ads,03/11/2024,Cliente
CRM-000076,"Álvarez, Ortiz and Hernández",José Pedraza,ana@betancurramirez.com,3848421993,alianza,2024-08-20,Cliente
CRM-009040,"Páez, Ortega and Hurtado",Hugo Antonio Sierra,eduardo@granados-bolivar.com,+57 127 3585730,Referido,05/05/2024,Trial
CRM-009046,"Carmona, Muñoz and Burgos",Edilson José Gómez Gutiérrez,maría@chacon.com,048-889-9210,Outbound,2024-06-09,Lead
CRM-000082,Sánchez-Palacio,Mario David Hernández,LUCÍA@SANCHEZPALACIO.COM,+57 833 9187851,Referral,17/01/2024,Cliente
CRM-000008,López-Rivera,Ana Andrea García,maría@lopezrivera.com,(034) 471-3493,alianza,13/04/2024,Cliente
CRM-000013,"Rivas, Morales and Ramírez",Jimena Mendoza Benavides,paola@rivas.com,0861317127,Meta Ads,26/09/2024,Cliente
CRM-000055,Mosquera-Peña,Johnny Ríos Muñoz,alfonso@mosquerapena.com,(541) 566-7652,meta ads,2024-09-22,Cliente
CRM-009032,"Arévalo, Quintero and Barrera",Elías García Pérez,ángela@arango-blanco.org,(987) 622-0234,Referido,2024-04-25,Lead
CRM-000118,CORTÉS-RAMÍREZ,Ramiro Ricardo Osorio,david@cortesramirez.com,+57 584 9825449,Referral,2024-03-04,Cliente
CRM-000017,"Palacio, Pérez and Mosquera",Consuelo Peña,jesús@palacio.com,5961586578,Referido,02/08/2024,Cliente
CRM-000152,"BURBANO, REYES AND CASTRO",Andrés Bravo Pineda,yeimy@burbano.com,417-146-7741,organico,02/07/2024,Cliente
CRM-000067,Salazar-Yepes,Esneider Alvarado,omaira@salazaryepes.com,(327) 877-4701,Pago-Google,2024-08-17,Cliente
CRM-009037,"Trujillo, Díaz and Rodríguez",Dolly Rodríguez,santos@ortiz-forero.com,+57 735 6475705,Referido,09/04/2024,Trial
CRM-000121,GUTIÉRREZ-OSORIO,Alberto Osorio Rojas,alba@gutierrezosorio.com,+57 297 5001701,prospeccion en frio,06/01/2024,Cliente
CRM-009019,"Chacón, Gaviria and Pérez",Francisco Rosero Fonseca,rosa@palacios.info,210-388-6291,Pago-Google,2024-09-04,Lead
CRM-009048,Guerrero-Salas,Katherine Miriam Oviedo Acevedo,fernando@suarez.com,+57 206 7998136,Partner,2024-09-17,Lead
CRM-000059,"Cardona, Salazar and Castro",Diego Augusto Vargas,MARTHA@CARDONA.COM,814-473-9473,Google Ads,2024-03-02,Cliente
CRM-000050,Martínez Inc,David Dany Rivera,maría@martinez.com,047-277-9010,Meta Ads,2024-05-13,Cliente
CRM-000097,Quiroz-Zambrano,Roberto Chávez González,diana@quirozzambrano.com,845-461-5679,Meta Ads,2024-09-19,Cliente
CRM-000047,"ARIAS, MALDONADO AND CÁRDENAS",Stella Sánchez Díaz,jhon@arias.com,(537) 947-3834,SEO,2024-01-14,Cliente
CRM-009027,"Carrillo, Chávez and Sierra",Paola Paola Ortiz Torres,fredy@mosquera.com,(075) 957-9472,Organico,19/01/2024,Trial
CRM-000159,Castro-Angarita,Sergio Alexander Padilla Calderón,ANDREA@CASTROANGARITA.COM,(850) 821-4862,SEM,2024-06-27,Cliente
CRM-009023,"Duque, Martínez and Giraldo",Mariela Bravo,gilma@mejia.com,(849) 027-7038,Organico,2024-11-21,Trial
CRM-000173,"Carvajal, González and Castrillón",Edwin Bermúdez,yuliana@carvajal.com,411-739-3483,referido cliente,2024-09-13,Cliente
CRM-000014,Gómez and Sons,Alfonso Castro,hernán@gomez.com,263-982-1465,Referido,2024-08-12,Cliente
CRM-009010,Giraldo-Méndez,Alexander Giraldo González,maría@beltran.com,(491) 476-6072,Referido,19/02/2024,Lead
CRM-009043,"Martínez, Palacio and Hernández",Diana Reyes,diana@bedoya.org,+57 910 3717058,Pago-Google,2024-04-07,Trial
CRM-009022,"Salazar, Morales and Castro",Henry Peña Páez,alix@velasquez-ramos.com,(372) 138-6589,Referido,2024-04-23,Lead
CRM-000155,Puentes PLC,Cielo Lorena Núñez,claudia@puentes.com,6163294511,Facebook Ads,2024-01-11,Cliente
CRM-000054,Ramírez-López,Eliecer Juan Patiño,margoth@ramirezlopez.com,7043030548,Canal Partner,04/01/2024,Cliente
CRM-009021,Salazar LLC,Brayan Wilmar García Carvajal,andrés@diaz-blanco.com,3565126944,Referido,2024-04-17,Trial
CRM-000045,Oviedo Ltd,Claudia Murillo Hernández,judith@oviedo.com,486-528-1685,SEM,2024-03-17,Cliente
CRM-000081,Cuéllar LLC,David Gallego Posada,karen@cuellar.com,0174268414,Organico,2024-06-11,Cliente
CRM-000021,"PACHECO, TORRES AND VALENCIA",Liliana Gloria Jiménez Bermúdez,maría@pacheco.com,+57 097 4395339,SEO,2024-09-07,Cliente
CRM-000053,"ESCOBAR, VARGAS AND ORTEGA",Elena Correa,fernando@escobar.com,(153) 195-2058,meta ads,2024-08-14,Cliente
CRM-009006,"Vásquez, Agudelo and Guevara",Milena Andrea Carrillo Díaz,carolina@gonzalez.com,+57 057 2025909,Partner,09/12/2024,Perdido
CRM-000147,MARTÍNEZ-ROA,David William Díaz,viviana@martinezroa.com,(969) 029-5939,Referral,2024-05-21,Cliente
CRM-000167,"Pinzón, Castaño and Pérez",Andrés Víctor Murillo Beltrán,zoraida@pinzon.com,(846) 022-3569,referido cliente,13/09/2024,Cliente
CRM-000171,Vega Ltd,Danna Prada Castillo,ÁNGELA@VEGA.COM,8215064890,Organico,26/06/2024,Cliente
CRM-000175,"ARIAS, MORA AND HERRERA",Maira Paula Cruz,maicol@arias.com,204-556-1100,Referido,2024-02-22,Cliente
CRM-000116,Pinzón LLC,Juan Julio Rosero Torres,maría@pinzon.com,+57 797 8819148,Referido,2024-02-08,Cliente
CRM-000035,"Ortiz, Sierra and Díaz",Andrea Sánchez,alexander@ortiz.com,(836) 675-2545,SEM,03/06/2024,Cliente
CRM-000144,"García, Sánchez and Flórez",Alexandra Lisbeth Giraldo Betancur,argemiro@garcia.com,+57 559 0599293,referido cliente,07/08/2024,Cliente
CRM-009038,Benítez and Sons,Marcela Medina,andrés@ramirez.biz,7303718376,Organico,22/03/2024,Trial
CRM-009053,Sierra Group,María Caballero,viviana@medina-sanchez.com,840-460-8432,Pago-Google,2024-10-01,Perdido
CRM-000002,Galvis Ltd,Ernesto Enrique Rangel,diego@galvis.com,313-678-3777,Organico,2024-05-10,Cliente
CRM-000048,FERNÁNDEZ AND SONS,Joaquín Juan Buitrago Jaramillo,edna@torres.com,(623) 924-0758,Canal Partner,2024-09-08,Cliente
CRM-000136,"CONTRERAS, VELÁSQUEZ AND RUIZ",Gustavo Arias Bastidas,andrea@contreras.com,199-062-3445,SDR,2024-04-25,Cliente
CRM-000117,"Álvarez, Parra and Castillo",Ángel Henry Ochoa,mayra@alvarez.com,407-451-7133,google ads,2024-05-03,Cliente
CRM-000138,"Osorio, Fajardo and Marín",Ciro Alberto Álvarez,MÓNICA@OSORIO.COM,9035213568,Meta Ads,25/07/2024,Cliente
CRM-000095,"Cortés, Osorio and Gómez",Dolores Ríos Bedoya,luz@cortes.com,(623) 120-3875,Referral,2024-07-06,Cliente
CRM-000091,Henao LLC,Miryam Estela López,DANIEL@HENAO.COM,+57 990 1398373,Referral,2024-05-18,Cliente
CRM-000105,Castillo LLC,Ángela Patricia Rodríguez Medina,héctor@castillo.com,692-459-3752,meta ads,2024-09-17,Cliente
CRM-000080,HERNÁNDEZ-ROMERO,Julián Uribe,gloria@hernandezromero.com,+57 161 2275304,alianza,2024-09-16,Cliente
CRM-009005,Mosquera Group,Natalia Gladys Londoño,lorena@londono.com,580-043-9735,Partner,2024-07-23,Lead
CRM-000069,Tamayo PLC,José Andrés Londoño,julieth@tamayo.com,(784) 991-2165,referido cliente,10/08/2024,Cliente
CRM-009017,Rivera-Fajardo,Javier Salas Reyes,dahiana@rodriguez.com,+57 222 5913651,Organico,2024-09-15,Lead
CRM-009013,Gutiérrez Inc,Cecilia Lorena Garzón Suárez,juan@ospina.com,645-257-7754,Pago-Google,2024-10-10,Lead
CRM-000109,Gómez-Hurtado,Luis López Torres,mauricio@gomezhurtado.com,798-250-7146,meta ads,03/09/2024,Cliente
CRM-000028,Pineda Ltd,Silvia Martha Guevara Angulo,juan@pineda.com,4210205395,meta ads,2024-06-02,Cliente
CRM-000020,Rivera-Villamil,Antonio José Cifuentes Galeano,JAVIER@RIVERAVILLAMIL.COM,9464743671,Outbound,2024-04-27,Cliente
CRM-000172,López LLC,Vanessa Arango,maría@lopez.com,(184) 723-0461,SEM,2024-05-17,Cliente
CRM-000066,Carmona-Serna,Arturo Ramiro Bastidas,carmen@carmonaserna.com,(537) 147-3210,Meta Ads,2024-03-17,Cliente
CRM-000096,"Vargas, López and Patiño",Natalia Soto,david@maldonado.com,+57 886 0084840,SEM,2024-06-09,Cliente
CRM-000094,"Rentería, Vásquez and Palacio",Jorge Ramírez Torres,carlos@renteria.com,(477) 725-2287,Organico,2024-05-05,Cliente
