texto_origen,origen_sistema,id_cliente,metodo,nota
"GONZALEZ, VILLAMIZAR AND VARGAS",CRM,1,NORMALIZACION,
GALVIS LTD,CRM,2,NORMALIZACION,
"GALINDO, GARCIA AND SALAZAR",CRM,3,NORMALIZACION,
LOPEZ AND SONS,CRM,3,NORMALIZACION,
"AGUDELO, LONDONO AND BECERRA",CRM,4,NORMALIZACION,
"VASQUEZ, TORRES AND FERNANDEZ",CRM,5,NORMALIZACION,
URIBE AND SONS,CRM,6,NORMALIZACION,
"SALAZAR, CASTRO AND ROJAS",CRM,7,NORMALIZACION,
LOPEZ-RIVERA,CRM,8,NORMALIZACION,
SANABRIA-AGUDELO,CRM,9,NORMALIZACION,
ARIZA PLC,CRM,10,NORMALIZACION,
CARDOZO GROUP,CRM,11,NORMALIZACION,
CAICEDO LTD,CRM,12,NORMALIZACION,
"RIVAS, MORALES AND RAMIREZ",CRM,13,NORMALIZACION,
GOMEZ AND SONS,CRM,14,NORMALIZACION,
BUSTAMANTE-ORDONEZ,CRM,15,NORMALIZACION,
"PALACIO, PEREZ AND MOSQUERA",CRM,17,NORMALIZACION,
"ORTIZ, CUESTA AND JAIMES",CRM,18,NORMALIZACION,
"ACEVEDO, LOZANO AND VARGAS",CRM,19,NORMALIZACION,
RIVERA-VILLAMIL,CRM,20,NORMALIZACION,
"PACHECO, TORRES AND VALENCIA",CRM,21,NORMALIZACION,
TORRES INC,CRM,22,NORMALIZACION,
CASTILLO-MARTINEZ,CRM,23,NORMALIZACION,
"PARDO, ALVAREZ AND HOYOS",CRM,24,NORMALIZACION,
LOAIZA-FRANCO,CRM,24,NORMALIZACION,
ORTIZ AND SONS,CRM,25,NORMALIZACION,
"LONDONO, MUNOZ AND OROZCO",CRM,25,NORMALIZACION,
"CASTILLO, TORRES AND BOLIVAR",CRM,26,NORMALIZACION,
"RINCON, TOVAR AND PRIETO",CRM,27,NORMALIZACION,
PINEDA LTD,CRM,28,NORMALIZACION,
HURTADO-FLOREZ,CRM,29,NORMALIZACION,
"ORJUELA, CONTRERAS AND DOMINGUEZ",CRM,30,NORMALIZACION,
DUARTE INC,CRM,31,NORMALIZACION,
"LOAIZA, ESPINOSA AND SOLANO",CRM,32,NORMALIZACION,
GONZALEZ-MEJIA,CRM,33,NORMALIZACION,
RODRIGUEZ-CAMARGO,CRM,34,NORMALIZACION,
"ORTIZ, SIERRA AND DIAZ",CRM,35,NORMALIZACION,
POLO LLC,CRM,36,NORMALIZACION,
"PALACIOS, RAMIREZ AND ARIAS",CRM,37,NORMALIZACION,
MONTOYA PLC,CRM,38,NORMALIZACION,
CARVAJAL GROUP,CRM,39,NORMALIZACION,
GONZALEZ LLC,CRM,40,NORMALIZACION,
MORENO-MORENO,CRM,41,NORMALIZACION,
"ERAZO, GARCIA AND REYES",CRM,42,NORMALIZACION,
HERNANDEZ GROUP,CRM,43,NORMALIZACION,
MANTILLA PLC,CRM,43,NORMALIZACION,
"PEREZ, SILVA AND CALDERON",CRM,44,NORMALIZACION,
OVIEDO LTD,CRM,45,NORMALIZACION,
"RAMIREZ, ALVAREZ AND BARRAGAN",CRM,46,NORMALIZACION,
"ARIAS, MALDONADO AND CARDENAS",CRM,47,NORMALIZACION,
TORRES LLC,CRM,48,NORMALIZACION,
FERNANDEZ AND SONS,CRM,48,NORMALIZACION,
"TORRES, GARCIA AND BARRERA",CRM,49,NORMALIZACION,
MARTINEZ INC,CRM,50,NORMALIZACION,
GARCIA-MORENO,CRM,51,NORMALIZACION,
"REYES, MONTOYA AND VANEGAS",CRM,52,NORMALIZACION,
"ESCOBAR, VARGAS AND ORTEGA",CRM,53,NORMALIZACION,
RAMIREZ-LOPEZ,CRM,54,NORMALIZACION,
MOSQUERA-PENA,CRM,55,NORMALIZACION,
"MARTINEZ, ARANGO AND JAIMES",CRM,56,NORMALIZACION,
VARGAS AND SONS,CRM,58,NORMALIZACION,
"CARDONA, SALAZAR AND CASTRO",CRM,59,NORMALIZACION,
PULIDO INC,CRM,60,NORMALIZACION,
MONTES-ORDONEZ,CRM,61,NORMALIZACION,
MARTINEZ PLC,CRM,62,NORMALIZACION,
TAMAYO AND SONS,CRM,63,NORMALIZACION,
PARRA GROUP,CRM,64,NORMALIZACION,
LEAL INC,CRM,65,NORMALIZACION,
CARMONA-SERNA,CRM,66,NORMALIZACION,
SALAZAR-YEPES,CRM,67,NORMALIZACION,
"DURAN, REYES AND DIAZ",CRM,68,NORMALIZACION,
TAMAYO PLC,CRM,69,NORMALIZACION,
"RIOS, CANO AND MARTINEZ",CRM,70,NORMALIZACION,
"ACOSTA, VILLEGAS AND CONTRERAS",CRM,71,NORMALIZACION,
SALAMANCA INC,CRM,72,NORMALIZACION,
GARCIA INC,CRM,73,NORMALIZACION,
"PRIETO, PARRA AND IBARRA",CRM,74,NORMALIZACION,
NAVARRO-OSPINA,CRM,75,NORMALIZACION,
"VARGAS, HURTADO AND BELTRAN",CRM,75,NORMALIZACION,
BETANCUR-RAMIREZ,CRM,76,NORMALIZACION,
"ALVAREZ, ORTIZ AND HERNANDEZ",CRM,76,NORMALIZACION,
"SUAREZ, RUIZ AND ESPINOSA",CRM,77,NORMALIZACION,
RODRIGUEZ PLC,CRM,78,NORMALIZACION,
"ORJUELA, GARCIA AND ROJAS",CRM,79,NORMALIZACION,
HERNANDEZ-ROMERO,CRM,80,NORMALIZACION,
CUELLAR LLC,CRM,81,NORMALIZACION,
SANCHEZ-PALACIO,CRM,82,NORMALIZACION,
"SUAREZ, CASTRILLON AND AREVALO",CRM,83,NORMALIZACION,
"RODRIGUEZ, AYALA AND SUAREZ",CRM,83,NORMALIZACION,
"LOPEZ, MONSALVE AND ORTIZ",CRM,84,NORMALIZACION,
VILLAMIZAR AND SONS,CRM,85,NORMALIZACION,
CASTRO-ROJAS,CRM,86,NORMALIZACION,
RAMIREZ-ACEVEDO,CRM,87,NORMALIZACION,
MORA-VARGAS,CRM,88,NORMALIZACION,
LOPEZ GROUP,CRM,89,NORMALIZACION,
HENAO LLC,CRM,91,NORMALIZACION,
MENA PLC,CRM,92,NORMALIZACION,
"OSORIO, RODRIGUEZ AND GARCIA",CRM,93,NORMALIZACION,
"RENTERIA, VASQUEZ AND PALACIO",CRM,94,NORMALIZACION,
MALDONADO-ROSERO,CRM,95,NORMALIZACION,
"CORTES, OSORIO AND GOMEZ",CRM,95,NORMALIZACION,
MALDONADO AND SONS,CRM,96,NORMALIZACION,
"VARGAS, LOPEZ AND PATINO",CRM,96,NORMALIZACION,
LEAL AND SONS,CRM,97,NORMALIZACION,
QUIROZ-ZAMBRANO,CRM,97,NORMALIZACION,
RODRIGUEZ-GALVIS,CRM,98,NORMALIZACION,
OCAMPO-PENA,CRM,99,NORMALIZACION,
"ALVARADO, ARRIETA AND ORTIZ",CRM,100,NORMALIZACION,
"GONZALEZ, BOHORQUEZ AND ANDRADE",CRM,101,NORMALIZACION,
RAMIREZ GROUP,CRM,102,NORMALIZACION,
SUAREZ-ROSERO,CRM,103,NORMALIZACION,
TORRES LTD,CRM,104,NORMALIZACION,
PARADA LLC,CRM,106,NORMALIZACION,
BEDOYA-CASTILLO,CRM,107,NORMALIZACION,
"VALENCIA, GOMEZ AND MONSALVE",CRM,108,NORMALIZACION,
DIAZ-BURGOS,CRM,108,NORMALIZACION,
GOMEZ-HURTADO,CRM,109,NORMALIZACION,
PADILLA-ALVAREZ,CRM,110,NORMALIZACION,
"BUSTAMANTE, GONZALEZ AND MALDONADO",CRM,111,NORMALIZACION,
RODRIGUEZ-VELANDIA,CRM,112,NORMALIZACION,
MUNOZ LTD,CRM,112,NORMALIZACION,
"PACHECO, BALLESTEROS AND DAZA",CRM,113,NORMALIZACION,
MORALES INC,CRM,114,NORMALIZACION,
"CACERES, TRUJILLO AND VERGARA",CRM,115,NORMALIZACION,
PINZON LLC,CRM,116,NORMALIZACION,
"ALVAREZ, PARRA AND CASTILLO",CRM,117,NORMALIZACION,
CORTES-RAMIREZ,CRM,118,NORMALIZACION,
"BALLESTEROS, BUITRAGO AND PABON",CRM,119,NORMALIZACION,
"JARAMILLO, PARRA AND PALACIO",CRM,120,NORMALIZACION,
GUTIERREZ-OSORIO,CRM,121,NORMALIZACION,
"CALDERON, RUIZ AND MARIN",CRM,122,NORMALIZACION,
"ROJAS, ORTEGA AND GALEANO",CRM,123,NORMALIZACION,
"PEREZ, GARCIA AND MOLINA",CRM,124,NORMALIZACION,
"BELTRAN, LOPEZ AND CANTILLO",CRM,125,NORMALIZACION,
SANDOVAL AND SONS,CRM,126,NORMALIZACION,
SANCHEZ INC,CRM,127,NORMALIZACION,
CASTRILLON PLC,CRM,128,NORMALIZACION,
CARDENAS LTD,CRM,129,NORMALIZACION,
"RAMIREZ, BENAVIDES AND ZAPATA",CRM,130,NORMALIZACION,
SANCHEZ LTD,CRM,131,NORMALIZACION,
GALINDO INC,CRM,132,NORMALIZACION,
TORRES-CIFUENTES,CRM,133,NORMALIZACION,
"DELGADO, MARTINEZ AND VARGAS",CRM,134,NORMALIZACION,
CRUZ GROUP,CRM,135,NORMALIZACION,
"CONTRERAS, VELASQUEZ AND RUIZ",CRM,136,NORMALIZACION,
AVILA-PINZON,CRM,137,NORMALIZACION,
"OSORIO, FAJARDO AND MARIN",CRM,138,NORMALIZACION,
SARMIENTO GROUP,CRM,139,NORMALIZACION,
MUNOZ-VARGAS,CRM,140,NORMALIZACION,
"CASTRO, CASTANO AND REYES",CRM,141,NORMALIZACION,
CASTRO INC,CRM,142,NORMALIZACION,
"GUTIERREZ, ORTIZ AND RUIZ",CRM,143,NORMALIZACION,
"GARCIA, SANCHEZ AND FLOREZ",CRM,144,NORMALIZACION,
TORO INC,CRM,145,NORMALIZACION,
PARRA-RIOS,CRM,146,NORMALIZACION,
MARTINEZ-ROA,CRM,147,NORMALIZACION,
ESPITIA-OROZCO,CRM,148,NORMALIZACION,
"RODRIGUEZ, RANGEL AND ESCOBAR",CRM,149,NORMALIZACION,
MARQUEZ-POSADA,CRM,150,NORMALIZACION,
RODRIGUEZ-ROMERO,CRM,150,NORMALIZACION,
MONTOYA-GALVIS,CRM,151,NORMALIZACION,
"BURBANO, REYES AND CASTRO",CRM,152,NORMALIZACION,
"BAUTISTA, VANEGAS AND VILLA",CRM,154,NORMALIZACION,
PUENTES PLC,CRM,155,NORMALIZACION,
FAJARDO PLC,CRM,156,NORMALIZACION,
DIAZ-MUNOZ,CRM,157,NORMALIZACION,
"VERGARA, GARCIA AND OSORIO",CRM,157,NORMALIZACION,
ROJAS-VALENCIA,CRM,158,NORMALIZACION,
CASTRO-ANGARITA,CRM,159,NORMALIZACION,
VARGAS-GARCIA,CRM,160,NORMALIZACION,
TORRES-GARCIA,CRM,161,NORMALIZACION,
ZAMBRANO INC,CRM,161,NORMALIZACION,
"GOMEZ, GOMEZ AND VARGAS",CRM,162,NORMALIZACION,
TRUJILLO AND SONS,CRM,163,NORMALIZACION,
ORTEGA INC,CRM,164,NORMALIZACION,
"ERAZO, RESTREPO AND MUNOZ",CRM,165,NORMALIZACION,
PEREZ-CALDERON,CRM,166,NORMALIZACION,
"PINZON, CASTANO AND PEREZ",CRM,167,NORMALIZACION,
GONZALEZ-RODRIGUEZ,CRM,168,NORMALIZACION,
ESCOBAR-GAMBOA,CRM,169,NORMALIZACION,
MEDINA-FORERO,CRM,170,NORMALIZACION,
VEGA LTD,CRM,171,NORMALIZACION,
LOPEZ LLC,CRM,172,NORMALIZACION,
"CARVAJAL, GONZALEZ AND CASTRILLON",CRM,173,NORMALIZACION,
ROMERO GROUP,CRM,174,NORMALIZACION,
"ARIAS, MORA AND HERRERA",CRM,175,NORMALIZACION,
PINTO-LOPEZ,CRM,176,NORMALIZACION,
ACEVEDO-SALCEDO,CRM,177,NORMALIZACION,
"SANCHEZ, DIAZ AND GUZMAN",CRM,178,NORMALIZACION,
"ORTIZ, MONTES AND MONTOYA",CRM,179,NORMALIZACION,
RESTREPO-LUNA,CRM,180,NORMALIZACION,
MERCADO PLC,CRM,181,NORMALIZACION,
SALCEDO-ALFONSO,CRM,182,NORMALIZACION,
"VELASCO, FERNANDEZ AND PERDOMO",CRM,183,NORMALIZACION,
CASTILLO-HERRERA,CRM,184,NORMALIZACION,
LONDONO-MURILLO,CRM,185,NORMALIZACION,
MOSQUERA GROUP,CRM,186,NORMALIZACION,
"VASQUEZ, AGUDELO AND GUEVARA",CRM,187,NORMALIZACION,
"SUAREZ, ANGULO AND CAICEDO",CRM,188,NORMALIZACION,
"RODRIGUEZ, CAMACHO AND MARIN",CRM,189,NORMALIZACION,
"RODRIGUEZ, MARTINEZ AND CAMACHO",CRM,190,NORMALIZACION,
GIRALDO-MENDEZ,CRM,191,NORMALIZACION,
"TORRES, CANO AND BAUTISTA",CRM,192,NORMALIZACION,
ESPITIA-MELO,CRM,193,NORMALIZACION,
GUTIERREZ INC,CRM,194,NORMALIZACION,
CAICEDO-DIAZ,CRM,195,NORMALIZACION,
"GUEVARA, MORALES AND TORRES",CRM,196,NORMALIZACION,
MARTINEZ LLC,CRM,197,NORMALIZACION,
RIVERA-FAJARDO,CRM,198,NORMALIZACION,
GIL-ACOSTA,CRM,199,NORMALIZACION,
"CHACON, GAVIRIA AND PEREZ",CRM,200,NORMALIZACION,
ACOSTA PLC,CRM,201,NORMALIZACION,
SALAZAR LLC,CRM,202,NORMALIZACION,
"SALAZAR, MORALES AND CASTRO",CRM,203,NORMALIZACION,
"DUQUE, MARTINEZ AND GIRALDO",CRM,204,NORMALIZACION,
RAMIREZ-PAEZ,CRM,205,NORMALIZACION,
TORRES-CORREDOR,CRM,206,NORMALIZACION,
GONZALEZ-MARTINEZ,CRM,207,NORMALIZACION,
"CARRILLO, CHAVEZ AND SIERRA",CRM,208,NORMALIZACION,
"CASTRO, TORRES AND ESCOBAR",CRM,209,NORMALIZACION,
DIAZ-ORTIZ,CRM,210,NORMALIZACION,
RAMIREZ-VERA,CRM,211,NORMALIZACION,
MOSQUERA-LONDONO,CRM,212,NORMALIZACION,
"AREVALO, QUINTERO AND BARRERA",CRM,213,NORMALIZACION,
"BERMUDEZ, GARCIA AND PEREZ",CRM,214,NORMALIZACION,
GOMEZ LLC,CRM,215,NORMALIZACION,
MUNOZ-SUAREZ,CRM,216,NORMALIZACION,
VARGAS-FORERO,CRM,217,NORMALIZACION,
"TRUJILLO, DIAZ AND RODRIGUEZ",CRM,218,NORMALIZACION,
BENITEZ AND SONS,CRM,219,NORMALIZACION,
"SALAMANCA, RUBIO AND SANCHEZ",CRM,220,NORMALIZACION,
"PAEZ, ORTEGA AND HURTADO",CRM,221,NORMALIZACION,
"RIVERA, VANEGAS AND VARGAS",CRM,222,NORMALIZACION,
GUEVARA PLC,CRM,223,NORMALIZACION,
"MARTINEZ, PALACIO AND HERNANDEZ",CRM,224,NORMALIZACION,
"RICO, GUERRERO AND ARIAS",CRM,225,NORMALIZACION,
"LOPEZ, HENAO AND MOSQUERA",CRM,226,NORMALIZACION,
"CARMONA, MUNOZ AND BURGOS",CRM,227,NORMALIZACION,
MOSQUERA-HERNANDEZ,CRM,228,NORMALIZACION,
GUERRERO-SALAS,CRM,229,NORMALIZACION,
SERNA-SANCHEZ,CRM,230,NORMALIZACION,
CASTANO-VALENCIA,CRM,231,NORMALIZACION,
"MARTINEZ, NUNEZ AND CARMONA",CRM,232,NORMALIZACION,
PEREZ-GUTIERREZ,CRM,233,NORMALIZACION,
SIERRA GROUP,CRM,234,NORMALIZACION,
TRIANA-HOYOS,CRM,235,NORMALIZACION,
"GONZALEZ, VILLAMIZAR AND VARGAS",BILLING,1,NORMALIZACION,
GALVIS LTD,BILLING,2,NORMALIZACION,
"GALINDO, GARCIA AND SALAZAR",BILLING,3,NORMALIZACION,
LOPEZ AND SONS,BILLING,3,NORMALIZACION,
"AGUDELO, LONDONO AND BECERRA",BILLING,4,NORMALIZACION,
"VASQUEZ, TORRES AND FERNANDEZ",BILLING,5,NORMALIZACION,
URIBE AND SONS,BILLING,6,NORMALIZACION,
"SALAZAR, CASTRO AND ROJAS",BILLING,7,NORMALIZACION,
LOPEZ-RIVERA,BILLING,8,NORMALIZACION,
SANABRIA-AGUDELO,BILLING,9,NORMALIZACION,
ARIZA PLC,BILLING,10,NORMALIZACION,
CARDOZO GROUP,BILLING,11,NORMALIZACION,
CAICEDO LTD,BILLING,12,NORMALIZACION,
"RIVAS, MORALES AND RAMIREZ",BILLING,13,NORMALIZACION,
GOMEZ AND SONS,BILLING,14,NORMALIZACION,
BUSTAMANTE-ORDONEZ,BILLING,15,NORMALIZACION,
RIVERA GROUP#236,BILLING,236,ALIAS_MANUAL,sin contraparte confiable en CRM (id_customer_stripe=cus_bb168636e9bdc6)
"PALACIO, PEREZ AND MOSQUERA",BILLING,17,NORMALIZACION,
"ORTIZ, CUESTA AND JAIMES",BILLING,18,NORMALIZACION,
"ACEVEDO, LOZANO AND VARGAS",BILLING,19,NORMALIZACION,
RIVERA-VILLAMIL,BILLING,20,NORMALIZACION,
"PACHECO, TORRES AND VALENCIA",BILLING,21,NORMALIZACION,
TORRES INC,BILLING,22,NORMALIZACION,
CASTILLO-MARTINEZ,BILLING,23,NORMALIZACION,
"PARDO, ALVAREZ AND HOYOS",BILLING,24,NORMALIZACION,
LOAIZA-FRANCO,BILLING,24,NORMALIZACION,
ORTIZ AND SONS,BILLING,25,NORMALIZACION,
"CASTILLO, TORRES AND BOLIVAR",BILLING,26,NORMALIZACION,
"RINCON, TOVAR AND PRIETO",BILLING,27,NORMALIZACION,
PINEDA LTD,BILLING,28,NORMALIZACION,
HURTADO-FLOREZ,BILLING,29,NORMALIZACION,
"ORJUELA, CONTRERAS AND DOMINGUEZ",BILLING,30,NORMALIZACION,
DUARTE INC,BILLING,31,NORMALIZACION,
"LOAIZA, ESPINOSA AND SOLANO",BILLING,32,NORMALIZACION,
GONZALEZ-MEJIA,BILLING,33,NORMALIZACION,
RODRIGUEZ-CAMARGO,BILLING,34,NORMALIZACION,
"ORTIZ, SIERRA AND DIAZ",BILLING,35,NORMALIZACION,
POLO LLC,BILLING,36,NORMALIZACION,
"PALACIOS, RAMIREZ AND ARIAS",BILLING,37,NORMALIZACION,
MONTOYA PLC,BILLING,38,NORMALIZACION,
CARVAJAL GROUP,BILLING,39,NORMALIZACION,
GONZALEZ LLC,BILLING,40,NORMALIZACION,
MORENO-MORENO,BILLING,41,NORMALIZACION,
"ERAZO, GARCIA AND REYES",BILLING,42,NORMALIZACION,
MANTILLA PLC,BILLING,43,NORMALIZACION,
"PEREZ, SILVA AND CALDERON",BILLING,44,NORMALIZACION,
OVIEDO LTD,BILLING,45,NORMALIZACION,
"RAMIREZ, ALVAREZ AND BARRAGAN",BILLING,46,NORMALIZACION,
"ARIAS, MALDONADO AND CARDENAS",BILLING,47,NORMALIZACION,
TORRES LLC,BILLING,48,NORMALIZACION,
"TORRES, GARCIA AND BARRERA",BILLING,49,NORMALIZACION,
MARTINEZ INC,BILLING,50,NORMALIZACION,
GARCIA-MORENO,BILLING,51,NORMALIZACION,
"REYES, MONTOYA AND VANEGAS",BILLING,52,NORMALIZACION,
"ESCOBAR, VARGAS AND ORTEGA",BILLING,53,NORMALIZACION,
RAMIREZ-LOPEZ,BILLING,54,NORMALIZACION,
MOSQUERA-PENA,BILLING,55,NORMALIZACION,
"MARTINEZ, ARANGO AND JAIMES",BILLING,56,NORMALIZACION,
CASTILLO LLC#237,BILLING,237,ALIAS_MANUAL,sin contraparte confiable en CRM (id_customer_stripe=cus_a52e1d11bc8985)
VARGAS AND SONS,BILLING,58,NORMALIZACION,
"CARDONA, SALAZAR AND CASTRO",BILLING,59,NORMALIZACION,
PULIDO INC,BILLING,60,NORMALIZACION,
MONTES-ORDONEZ,BILLING,61,NORMALIZACION,
MARTINEZ PLC,BILLING,62,NORMALIZACION,
TAMAYO AND SONS,BILLING,63,NORMALIZACION,
PARRA GROUP,BILLING,64,NORMALIZACION,
LEAL INC,BILLING,65,NORMALIZACION,
CARMONA-SERNA,BILLING,66,NORMALIZACION,
SALAZAR-YEPES,BILLING,67,NORMALIZACION,
"DURAN, REYES AND DIAZ",BILLING,68,NORMALIZACION,
TAMAYO PLC,BILLING,69,NORMALIZACION,
"RIOS, CANO AND MARTINEZ",BILLING,70,NORMALIZACION,
"ACOSTA, VILLEGAS AND CONTRERAS",BILLING,71,NORMALIZACION,
SALAMANCA INC,BILLING,72,NORMALIZACION,
GARCIA INC,BILLING,73,NORMALIZACION,
"PRIETO, PARRA AND IBARRA",BILLING,74,NORMALIZACION,
"VARGAS, HURTADO AND BELTRAN",BILLING,75,NORMALIZACION,
BETANCUR-RAMIREZ,BILLING,76,NORMALIZACION,
"SUAREZ, RUIZ AND ESPINOSA",BILLING,77,NORMALIZACION,
RODRIGUEZ PLC,BILLING,78,NORMALIZACION,
"ORJUELA, GARCIA AND ROJAS",BILLING,79,NORMALIZACION,
HERNANDEZ-ROMERO,BILLING,80,NORMALIZACION,
CUELLAR LLC,BILLING,81,NORMALIZACION,
SANCHEZ-PALACIO,BILLING,82,NORMALIZACION,
"SUAREZ, CASTRILLON AND AREVALO",BILLING,83,NORMALIZACION,
"LOPEZ, MONSALVE AND ORTIZ",BILLING,84,NORMALIZACION,
VILLAMIZAR AND SONS,BILLING,85,NORMALIZACION,
CASTRO-ROJAS,BILLING,86,NORMALIZACION,
RAMIREZ-ACEVEDO,BILLING,87,NORMALIZACION,
MORA-VARGAS,BILLING,88,NORMALIZACION,
LOPEZ GROUP,BILLING,89,NORMALIZACION,
GOMEZ-QUINTERO#238,BILLING,238,ALIAS_MANUAL,sin contraparte confiable en CRM (id_customer_stripe=cus_a2f6e01225b5fe)
HENAO LLC,BILLING,91,NORMALIZACION,
MENA PLC,BILLING,92,NORMALIZACION,
"OSORIO, RODRIGUEZ AND GARCIA",BILLING,93,NORMALIZACION,
"RENTERIA, VASQUEZ AND PALACIO",BILLING,94,NORMALIZACION,
"CORTES, OSORIO AND GOMEZ",BILLING,95,NORMALIZACION,
MALDONADO-ROSERO,BILLING,95,NORMALIZACION,
MALDONADO AND SONS,BILLING,96,NORMALIZACION,
QUIROZ-ZAMBRANO,BILLING,97,NORMALIZACION,
RODRIGUEZ-GALVIS,BILLING,98,NORMALIZACION,
OCAMPO-PENA,BILLING,99,NORMALIZACION,
"ALVARADO, ARRIETA AND ORTIZ",BILLING,100,NORMALIZACION,
"GONZALEZ, BOHORQUEZ AND ANDRADE",BILLING,101,NORMALIZACION,
RAMIREZ GROUP,BILLING,102,NORMALIZACION,
SUAREZ-ROSERO,BILLING,103,NORMALIZACION,
TORRES LTD,BILLING,104,NORMALIZACION,
CASTILLO LLC#239,BILLING,239,ALIAS_MANUAL,sin contraparte confiable en CRM (id_customer_stripe=cus_57a2ff2ae7ac44)
PARADA LLC,BILLING,106,NORMALIZACION,
BEDOYA-CASTILLO,BILLING,107,NORMALIZACION,
"VALENCIA, GOMEZ AND MONSALVE",BILLING,108,NORMALIZACION,
DIAZ-BURGOS,BILLING,108,NORMALIZACION,
GOMEZ-HURTADO,BILLING,109,NORMALIZACION,
PADILLA-ALVAREZ,BILLING,110,NORMALIZACION,
"BUSTAMANTE, GONZALEZ AND MALDONADO",BILLING,111,NORMALIZACION,
MUNOZ LTD,BILLING,112,NORMALIZACION,
"PACHECO, BALLESTEROS AND DAZA",BILLING,113,NORMALIZACION,
MORALES INC,BILLING,114,NORMALIZACION,
"CACERES, TRUJILLO AND VERGARA",BILLING,115,NORMALIZACION,
PINZON LLC,BILLING,116,NORMALIZACION,
"ALVAREZ, PARRA AND CASTILLO",BILLING,117,NORMALIZACION,
CORTES-RAMIREZ,BILLING,118,NORMALIZACION,
"BALLESTEROS, BUITRAGO AND PABON",BILLING,119,NORMALIZACION,
"JARAMILLO, PARRA AND PALACIO",BILLING,120,NORMALIZACION,
GUTIERREZ-OSORIO,BILLING,121,NORMALIZACION,
"CALDERON, RUIZ AND MARIN",BILLING,122,NORMALIZACION,
"ROJAS, ORTEGA AND GALEANO",BILLING,123,NORMALIZACION,
"PEREZ, GARCIA AND MOLINA",BILLING,124,NORMALIZACION,
"BELTRAN, LOPEZ AND CANTILLO",BILLING,125,NORMALIZACION,
SANDOVAL AND SONS,BILLING,126,NORMALIZACION,
SANCHEZ INC,BILLING,127,NORMALIZACION,
CASTRILLON PLC,BILLING,128,NORMALIZACION,
CARDENAS LTD,BILLING,129,NORMALIZACION,
"RAMIREZ, BENAVIDES AND ZAPATA",BILLING,130,NORMALIZACION,
SANCHEZ LTD,BILLING,131,NORMALIZACION,
GALINDO INC,BILLING,132,NORMALIZACION,
TORRES-CIFUENTES,BILLING,133,NORMALIZACION,
"DELGADO, MARTINEZ AND VARGAS",BILLING,134,NORMALIZACION,
CRUZ GROUP,BILLING,135,NORMALIZACION,
"CONTRERAS, VELASQUEZ AND RUIZ",BILLING,136,NORMALIZACION,
AVILA-PINZON,BILLING,137,NORMALIZACION,
"OSORIO, FAJARDO AND MARIN",BILLING,138,NORMALIZACION,
SARMIENTO GROUP,BILLING,139,NORMALIZACION,
MUNOZ-VARGAS,BILLING,140,NORMALIZACION,
"CASTRO, CASTANO AND REYES",BILLING,141,NORMALIZACION,
CASTRO INC,BILLING,142,NORMALIZACION,
"GUTIERREZ, ORTIZ AND RUIZ",BILLING,143,NORMALIZACION,
"GARCIA, SANCHEZ AND FLOREZ",BILLING,144,NORMALIZACION,
TORO INC,BILLING,145,NORMALIZACION,
PARRA-RIOS,BILLING,146,NORMALIZACION,
MARTINEZ-ROA,BILLING,147,NORMALIZACION,
ESPITIA-OROZCO,BILLING,148,NORMALIZACION,
"RODRIGUEZ, RANGEL AND ESCOBAR",BILLING,149,NORMALIZACION,
RODRIGUEZ-ROMERO,BILLING,150,NORMALIZACION,
MONTOYA-GALVIS,BILLING,151,NORMALIZACION,
"BURBANO, REYES AND CASTRO",BILLING,152,NORMALIZACION,
GOMEZ-QUINTERO#240,BILLING,240,ALIAS_MANUAL,sin contraparte confiable en CRM (id_customer_stripe=cus_5482dcec0ad0e2)
"BAUTISTA, VANEGAS AND VILLA",BILLING,154,NORMALIZACION,
PUENTES PLC,BILLING,155,NORMALIZACION,
FAJARDO PLC,BILLING,156,NORMALIZACION,
"VERGARA, GARCIA AND OSORIO",BILLING,157,NORMALIZACION,
DIAZ-MUNOZ,BILLING,157,NORMALIZACION,
ROJAS-VALENCIA,BILLING,158,NORMALIZACION,
CASTRO-ANGARITA,BILLING,159,NORMALIZACION,
VARGAS-GARCIA,BILLING,160,NORMALIZACION,
ZAMBRANO INC,BILLING,161,NORMALIZACION,
"GOMEZ, GOMEZ AND VARGAS",BILLING,162,NORMALIZACION,
TRUJILLO AND SONS,BILLING,163,NORMALIZACION,
ORTEGA INC,BILLING,164,NORMALIZACION,
"ERAZO, RESTREPO AND MUNOZ",BILLING,165,NORMALIZACION,
PEREZ-CALDERON,BILLING,166,NORMALIZACION,
"PINZON, CASTANO AND PEREZ",BILLING,167,NORMALIZACION,
GONZALEZ-RODRIGUEZ,BILLING,168,NORMALIZACION,
ESCOBAR-GAMBOA,BILLING,169,NORMALIZACION,
MEDINA-FORERO,BILLING,170,NORMALIZACION,
VEGA LTD,BILLING,171,NORMALIZACION,
LOPEZ LLC,BILLING,172,NORMALIZACION,
"CARVAJAL, GONZALEZ AND CASTRILLON",BILLING,173,NORMALIZACION,
ROMERO GROUP,BILLING,174,NORMALIZACION,
"ARIAS, MORA AND HERRERA",BILLING,175,NORMALIZACION,
PINTO-LOPEZ,BILLING,176,NORMALIZACION,
ACEVEDO-SALCEDO,BILLING,177,NORMALIZACION,
"SANCHEZ, DIAZ AND GUZMAN",BILLING,178,NORMALIZACION,
"ORTIZ, MONTES AND MONTOYA",BILLING,179,NORMALIZACION,
RESTREPO-LUNA,BILLING,180,NORMALIZACION,
GALVIS LTD,CONTRATO,2,NORMALIZACION,
"VASQUEZ, TORRES AND FERNANDEZ",CONTRATO,5,NORMALIZACION,
SANABRIA-AGUDELO,CONTRATO,9,NORMALIZACION,
GOMEZ AND SONS,CONTRATO,14,NORMALIZACION,
RIVERA GROUP#241,CONTRATO,241,ALIAS_MANUAL,sin contraparte confiable en CRM
"PACHECO, TORRES AND VALENCIA",CONTRATO,21,NORMALIZACION,
TORRES INC,CONTRATO,22,NORMALIZACION,
PINEDA LTD,CONTRATO,28,NORMALIZACION,
DUARTE INC,CONTRATO,31,NORMALIZACION,
"LOA IZA , ESPINOSA A ND SOLA NO#242",CONTRATO,242,ALIAS_MANUAL,sin contraparte confiable en CRM
GONZALEZ-MEJIA,CONTRATO,33,NORMALIZACION,
MORENO-MORENO,CONTRATO,41,NORMALIZACION,
MANTILLA PLC,CONTRATO,43,NORMALIZACION,
"PEREZ, SILVA AND CALDERON",CONTRATO,44,NORMALIZACION,
"RA MIREZ, ALVA REZ A ND BA RRA GAN#243",CONTRATO,243,ALIAS_MANUAL,sin contraparte confiable en CRM
"TORRES, GA RCIA A ND BA RRERA#244",CONTRATO,244,ALIAS_MANUAL,sin contraparte confiable en CRM
MARTINEZ INC,CONTRATO,50,NORMALIZACION,
"ESCOBAR, VARGAS AND ORTEGA",CONTRATO,53,NORMALIZACION,
CA STILLO LLC#245,CONTRATO,245,ALIAS_MANUAL,sin contraparte confiable en CRM
MONTES-ORDONEZ,CONTRATO,61,NORMALIZACION,
MARTINEZ PLC,CONTRATO,62,NORMALIZACION,
CARMONA-SERNA,CONTRATO,66,NORMALIZACION,
SALAZAR-YEPES,CONTRATO,67,NORMALIZACION,
SALAMANCA INC,CONTRATO,72,NORMALIZACION,
"PRIETO, PARRA AND IBARRA",CONTRATO,74,NORMALIZACION,
"SUAREZ, RUIZ A ND ESPINOSA#246",CONTRATO,246,ALIAS_MANUAL,sin contraparte confiable en CRM
RODRIGUEZ PLC,CONTRATO,78,NORMALIZACION,
RODRIGUEZ-GALVIS,CONTRATO,98,NORMALIZACION,
PA RA DA LLC#247,CONTRATO,247,ALIAS_MANUAL,sin contraparte confiable en CRM
"BUSTAMANTE, GONZALEZ AND MALDONADO",CONTRATO,111,NORMALIZACION,
"ALVAREZ, PARRA AND CASTILLO",CONTRATO,117,NORMALIZACION,
"BALLESTEROS, BUITRAGO AND PABON",CONTRATO,119,NORMALIZACION,
"PEREZ, GARCIA AND MOLINA",CONTRATO,124,NORMALIZACION,
"BELTRAN, LOPEZ AND CANTILLO",CONTRATO,125,NORMALIZACION,
SANCHEZ INC,CONTRATO,127,NORMALIZACION,
"RAMIREZ, BENAVIDES AND ZAPATA",CONTRATO,130,NORMALIZACION,
SANCHEZ LTD,CONTRATO,131,NORMALIZACION,
GALINDO INC,CONTRATO,132,NORMALIZACION,
CRUZ GROUP,CONTRATO,135,NORMALIZACION,
MUNOZ-VARGAS,CONTRATO,140,NORMALIZACION,
CASTRO INC,CONTRATO,142,NORMALIZACION,
"BURBANO, REYES AND CASTRO",CONTRATO,152,NORMALIZACION,
"BAUTISTA, VANEGAS AND VILLA",CONTRATO,154,NORMALIZACION,
PUENTES PLC,CONTRATO,155,NORMALIZACION,
ORTEGA INC,CONTRATO,164,NORMALIZACION,
"PINZON, CASTANO AND PEREZ",CONTRATO,167,NORMALIZACION,
ESCOBAR-GAMBOA,CONTRATO,169,NORMALIZACION,
LOPEZ LLC,CONTRATO,172,NORMALIZACION,
ROMERO GROUP,CONTRATO,174,NORMALIZACION,
