texto_origen,origen_sistema,id_canal
Organico / Contenido,MARKETING,1
Google Ads,MARKETING,2
Meta Ads,MARKETING,3
Programa de Referidos,MARKETING,4
Partners,MARKETING,5
Outbound / SDR,MARKETING,6
meta ads,CRM,3
Organico,CRM,1
SEM,CRM,2
Meta Ads,CRM,3
Referido,CRM,4
alianza,CRM,5
Google Ads,CRM,2
Referral,CRM,4
Facebook Ads,CRM,3
Outbound,CRM,6
google ads,CRM,2
SEO,CRM,1
prospeccion en frio,CRM,6
Pago-Google,CRM,2
Partner,CRM,5
referido cliente,CRM,4
organico,CRM,1
SDR,CRM,6
Canal Partner,CRM,5
Pago-Meta,CRM,3
