id_periodo,anio,mes,nombre_mes,fecha_inicio,fecha_fin
202401,2024,1,Enero,2024-01-01,2024-01-31
202402,2024,2,Febrero,2024-02-01,2024-02-29
202403,2024,3,Marzo,2024-03-01,2024-03-31
202404,2024,4,Abril,2024-04-01,2024-04-30
202405,2024,5,Mayo,2024-05-01,2024-05-31
202406,2024,6,Junio,2024-06-01,2024-06-30
202407,2024,7,Julio,2024-07-01,2024-07-31
202408,2024,8,Agosto,2024-08-01,2024-08-31
202409,2024,9,Septiembre,2024-09-01,2024-09-30
202410,2024,10,Octubre,2024-10-01,2024-10-31
202411,2024,11,Noviembre,2024-11-01,2024-11-30
202412,2024,12,Diciembre,2024-12-01,2024-12-31
202501,2025,1,Enero,2025-01-01,2025-01-31
202502,2025,2,Febrero,2025-02-01,2025-02-28
202503,2025,3,Marzo,2025-03-01,2025-03-31
202504,2025,4,Abril,2025-04-01,2025-04-30
202505,2025,5,Mayo,2025-05-01,2025-05-31
202506,2025,6,Junio,2025-06-01,2025-06-30
202507,2025,7,Julio,2025-07-01,2025-07-31
202508,2025,8,Agosto,2025-08-01,2025-08-31
202509,2025,9,Septiembre,2025-09-01,2025-09-30
202510,2025,10,Octubre,2025-10-01,2025-10-31
202511,2025,11,Noviembre,2025-11-01,2025-11-30
202512,2025,12,Diciembre,2025-12-01,2025-12-31
