id_cliente,nombre_canonico,fecha_alta,id_canal,moneda_principal,activo,etapa_crm
1,"González, Villamizar and Vargas",2024-04-22,3.0,COP,1,Cliente
2,Galvis Ltd,2024-05-10,1.0,COP,1,Cliente
3,López and Sons,2024-04-20,1.0,COP,0,Cliente
4,"Agudelo, Londoño and Becerra",2024-03-03,2.0,COP,1,Cliente
5,"Vásquez, Torres and Fernández",2024-02-12,3.0,USD,0,Cliente
6,Uribe and Sons,2024-05-24,4.0,,0,Cliente
7,"Salazar, Castro and Rojas",2024-02-14,3.0,COP,1,Cliente
8,López-Rivera,2024-04-13,5.0,COP,1,Cliente
9,SANABRIA-AGUDELO,2024-01-18,3.0,USD,0,Cliente
10,ARIZA PLC,2024-02-07,2.0,COP,1,Cliente
11,CARDOZO GROUP,2024-06-24,4.0,COP,0,Cliente
12,Caicedo Ltd,2024-06-14,3.0,COP,1,Cliente
13,"Rivas, Morales and Ramírez",2024-09-26,3.0,COP,1,Cliente
14,Gómez and Sons,2024-08-12,4.0,COP,1,Cliente
15,BUSTAMANTE-ORDÓÑEZ,2024-03-10,6.0,COP,1,Cliente
16,Rivera Group,2024-09-02,2.0,,0,Cliente
17,"Palacio, Pérez and Mosquera",2024-08-02,4.0,COP,1,Cliente
18,"Ortiz, Cuesta and Jaimes",2024-05-02,4.0,COP,1,Cliente
19,"ACEVEDO, LOZANO AND VARGAS",2024-04-19,1.0,COP,1,Cliente
20,Rivera-Villamil,2024-04-27,6.0,COP,1,Cliente
21,"PACHECO, TORRES AND VALENCIA",2024-09-07,1.0,COP,1,Cliente
22,Torres Inc,2024-05-15,2.0,COP,1,Cliente
23,Castillo-Martínez,2024-01-27,6.0,COP,1,Cliente
24,Loaiza-Franco,2024-01-02,3.0,COP,1,Cliente
25,"Londoño, Muñoz and Orozco",2024-05-23,2.0,COP,1,Cliente
26,"CASTILLO, TORRES AND BOLÍVAR",2024-02-09,5.0,COP,0,Cliente
27,"Rincón, Tovar and Prieto",2024-02-16,4.0,COP,1,Cliente
28,Pineda Ltd,2024-06-02,3.0,COP,1,Cliente
29,Hurtado-Flórez,2024-03-08,1.0,COP,0,Cliente
30,"Orjuela, Contreras and Domínguez",2024-04-16,2.0,COP,1,Cliente
31,Duarte Inc,2024-09-09,3.0,COP,1,Cliente
32,"Loaiza, Espinosa and Solano",2024-01-23,3.0,COP,1,Cliente
33,González-Mejía,2024-06-26,2.0,COP,1,Cliente
34,RODRÍGUEZ-CAMARGO,2024-05-01,6.0,COP,1,Cliente
35,"Ortiz, Sierra and Díaz",2024-06-03,2.0,COP,1,Cliente
36,Polo LLC,2024-09-19,1.0,COP,1,Cliente
37,"Palacios, Ramírez and Arias",2024-01-09,3.0,COP,1,Cliente
38,Montoya PLC,2024-09-26,4.0,COP,1,Cliente
39,CARVAJAL GROUP,2024-03-03,2.0,COP,1,Cliente
40,González LLC,2024-04-25,4.0,COP,1,Cliente
41,Moreno-Moreno,2024-07-15,5.0,COP,1,Cliente
42,"ERAZO, GARCÍA AND REYES",2024-09-03,4.0,COP,0,Cliente
43,MANTILLA PLC,2024-06-01,5.0,USD,1,Cliente
44,"Pérez, Silva and Calderón",2024-03-03,6.0,USD,1,Cliente
45,Oviedo Ltd,2024-03-17,2.0,COP,1,Cliente
46,"Ramírez, Álvarez and Barragán",2024-03-01,1.0,COP,1,Cliente
47,"ARIAS, MALDONADO AND CÁRDENAS",2024-01-14,1.0,COP,1,Cliente
48,FERNÁNDEZ AND SONS,2024-07-14,5.0,COP,1,Cliente
49,"Torres, García and Barrera",2024-05-19,1.0,COP,1,Cliente
50,Martínez Inc,2024-05-13,3.0,COP,1,Cliente
51,García-Moreno,2024-08-19,2.0,COP,1,Cliente
52,"REYES, MONTOYA AND VANEGAS",2024-03-08,3.0,COP,1,Cliente
53,"ESCOBAR, VARGAS AND ORTEGA",2024-08-14,3.0,USD,1,Cliente
54,Ramírez-López,2024-01-04,5.0,COP,0,Cliente
55,Mosquera-Peña,2024-09-22,3.0,COP,1,Cliente
56,"MARTÍNEZ, ARANGO AND JAIMES",2024-01-17,4.0,COP,1,Cliente
57,Castillo LLC,2024-01-21,5.0,,0,Cliente
58,VARGAS AND SONS,2024-08-01,2.0,COP,1,Cliente
59,"Cardona, Salazar and Castro",2024-03-02,2.0,COP,0,Cliente
60,Pulido Inc,2024-08-12,6.0,COP,0,Cliente
61,Montes-Ordóñez,2024-08-20,3.0,COP,1,Cliente
62,Martínez PLC,2024-07-19,4.0,USD,1,Cliente
63,Tamayo and Sons,2024-03-13,3.0,COP,0,Cliente
64,Parra Group,2024-05-09,3.0,COP,1,Cliente
65,Rivera Group,2024-06-17,6.0,COP,1,Cliente
66,Carmona-Serna,2024-03-17,3.0,COP,1,Cliente
67,Salazar-Yepes,2024-08-17,2.0,COP,1,Cliente
68,"DURÁN, REYES AND DÍAZ",2024-05-11,4.0,COP,0,Cliente
69,Tamayo PLC,2024-08-10,4.0,COP,1,Cliente
70,"Ríos, Cano and Martínez",2024-01-09,4.0,COP,1,Cliente
71,"Acosta, Villegas and Contreras",2024-01-07,6.0,COP,0,Cliente
72,Salamanca Inc,2024-09-14,3.0,COP,1,Cliente
73,García Inc,2024-09-21,4.0,COP,1,Cliente
74,"Prieto, Parra and Ibarra",2024-09-26,1.0,COP,1,Cliente
75,"Vargas, Hurtado and Beltrán",2024-07-15,2.0,COP,1,Cliente
76,"Álvarez, Ortiz and Hernández",2024-05-05,5.0,COP,1,Cliente
77,"Suárez, Ruiz and Espinosa",2024-06-02,1.0,COP,1,Cliente
78,Rodríguez PLC,2024-07-10,1.0,COP,1,Cliente
79,"ORJUELA, GARCÍA AND ROJAS",2024-07-03,1.0,COP,1,Cliente
80,HERNÁNDEZ-ROMERO,2024-09-16,5.0,COP,1,Cliente
81,Cuéllar LLC,2024-06-11,1.0,COP,0,Cliente
82,Sánchez-Palacio,2024-01-17,4.0,COP,1,Cliente
83,"Rodríguez, Ayala and Suárez",2024-08-21,2.0,COP,1,Cliente
84,"López, Monsalve and Ortiz",2024-09-12,4.0,COP,1,Cliente
85,Villamizar and Sons,2024-03-23,5.0,COP,1,Cliente
86,Castro-Rojas,2024-04-04,3.0,COP,1,Cliente
87,Ramírez-Acevedo,2024-04-07,5.0,COP,1,Cliente
88,Mora-Vargas,2024-02-10,4.0,COP,1,Cliente
89,López Group,2024-08-11,1.0,COP,1,Cliente
90,Gómez-Quintero,2024-01-20,6.0,,0,Cliente
91,Henao LLC,2024-05-18,4.0,COP,0,Cliente
92,MENA PLC,2024-03-04,1.0,COP,1,Cliente
93,"OSORIO, RODRÍGUEZ AND GARCÍA",2024-09-19,3.0,COP,1,Cliente
94,"Rentería, Vásquez and Palacio",2024-05-05,1.0,COP,1,Cliente
95,"Cortés, Osorio and Gómez",2024-07-06,4.0,COP,0,Cliente
96,"Vargas, López and Patiño",2024-01-16,2.0,COP,1,Cliente
97,Quiroz-Zambrano,2024-09-19,3.0,COP,1,Cliente
98,RODRÍGUEZ-GALVIS,2024-03-12,2.0,COP,1,Cliente
99,Ocampo-Peña,2024-02-03,2.0,COP,1,Cliente
100,"Alvarado, Arrieta and Ortiz",2024-03-03,1.0,COP,1,Cliente
101,"González, Bohórquez and Andrade",2024-03-05,1.0,COP,1,Cliente
102,RAMÍREZ GROUP,2024-04-22,1.0,COP,1,Cliente
103,Suárez-Rosero,2024-08-13,1.0,COP,1,Cliente
104,TORRES LTD,2024-01-05,5.0,COP,0,Cliente
105,Castillo LLC,2024-09-17,3.0,,0,Cliente
106,Parada LLC,2024-05-06,3.0,COP,1,Cliente
107,Bedoya-Castillo,2024-02-24,2.0,COP,0,Cliente
108,Díaz-Burgos,2024-08-17,2.0,COP,0,Cliente
109,Gómez-Hurtado,2024-09-03,3.0,COP,1,Cliente
110,PADILLA-ÁLVAREZ,2024-07-17,1.0,COP,1,Cliente
111,"BUSTAMANTE, GONZÁLEZ AND MALDONADO",2024-03-05,4.0,USD,1,Cliente
112,Muñoz Ltd,2024-01-22,4.0,COP,0,Cliente
113,"Pacheco, Ballesteros and Daza",2024-01-09,6.0,COP,0,Cliente
114,MORALES INC,2024-08-19,5.0,COP,1,Cliente
115,"Cáceres, Trujillo and Vergara",2024-02-03,4.0,COP,1,Cliente
116,Pinzón LLC,2024-02-08,4.0,COP,0,Cliente
117,"Álvarez, Parra and Castillo",2024-05-03,2.0,COP,1,Cliente
118,CORTÉS-RAMÍREZ,2024-03-04,4.0,COP,1,Cliente
119,"BALLESTEROS, BUITRAGO AND PABÓN",2024-04-13,1.0,COP,1,Cliente
120,"JARAMILLO, PARRA AND PALACIO",2024-09-16,2.0,COP,0,Cliente
121,GUTIÉRREZ-OSORIO,2024-01-06,6.0,COP,1,Cliente
122,"CALDERÓN, RUIZ AND MARÍN",2024-07-02,3.0,COP,1,Cliente
123,"Rojas, Ortega and Galeano",2024-05-27,3.0,COP,1,Cliente
124,"Pérez, García and Molina",2024-05-21,2.0,COP,1,Cliente
125,"BELTRÁN, LÓPEZ AND CANTILLO",2024-05-17,2.0,COP,1,Cliente
126,Sandoval and Sons,2024-07-22,3.0,COP,1,Cliente
127,Sánchez Inc,2024-07-20,2.0,COP,1,Cliente
128,Castrillón PLC,2024-01-27,2.0,COP,0,Cliente
129,Cárdenas Ltd,2024-03-18,3.0,COP,1,Cliente
130,"Ramírez, Benavides and Zapata",2024-03-25,2.0,COP,1,Cliente
131,Sánchez Ltd,2024-01-06,1.0,USD,1,Cliente
132,Galindo Inc,2024-04-12,3.0,USD,1,Cliente
133,Torres-Cifuentes,2024-02-19,1.0,COP,0,Cliente
134,"Delgado, Martínez and Vargas",2024-07-19,5.0,COP,1,Cliente
135,Cruz Group,2024-03-05,3.0,COP,1,Cliente
136,"CONTRERAS, VELÁSQUEZ AND RUIZ",2024-04-25,6.0,COP,1,Cliente
137,ÁVILA-PINZÓN,2024-03-13,3.0,COP,0,Cliente
138,"Osorio, Fajardo and Marín",2024-07-25,3.0,COP,1,Cliente
139,SARMIENTO GROUP,2024-04-10,1.0,COP,1,Cliente
140,Muñoz-Vargas,2024-06-03,1.0,COP,1,Cliente
141,"CASTRO, CASTAÑO AND REYES",2024-04-07,6.0,COP,1,Cliente
142,Castro Inc,2024-02-16,1.0,COP,0,Cliente
143,"Gutiérrez, Ortiz and Ruiz",2024-05-04,3.0,COP,1,Cliente
144,"García, Sánchez and Flórez",2024-08-07,4.0,COP,1,Cliente
145,Toro Inc,2024-08-08,2.0,COP,1,Cliente
146,Parra-Ríos,2024-02-13,3.0,COP,0,Cliente
147,MARTÍNEZ-ROA,2024-05-21,4.0,COP,1,Cliente
148,ESPITIA-OROZCO,2024-04-17,3.0,COP,1,Cliente
149,"Rodríguez, Rangel and Escobar",2024-03-17,1.0,COP,1,Cliente
150,Rodríguez-Romero,2024-08-26,2.0,COP,1,Cliente
151,Montoya-Galvis,2024-09-12,1.0,COP,1,Cliente
152,"BURBANO, REYES AND CASTRO",2024-07-02,1.0,COP,1,Cliente
153,Gómez-Quintero,2024-01-23,2.0,,0,Cliente
154,"Bautista, Vanegas and Villa",2024-03-11,1.0,COP,1,Cliente
155,Puentes PLC,2024-01-11,3.0,COP,1,Cliente
156,Fajardo PLC,2024-05-27,6.0,COP,1,Cliente
157,"VERGARA, GARCÍA AND OSORIO",2024-01-13,3.0,COP,1,Cliente
158,Rojas-Valencia,2024-05-20,4.0,COP,1,Cliente
159,Castro-Angarita,2024-06-27,2.0,COP,1,Cliente
160,Vargas-García,2024-07-27,2.0,COP,1,Cliente
161,ZAMBRANO INC,2024-01-15,1.0,COP,1,Cliente
162,"Gómez, Gómez and Vargas",2024-07-15,2.0,COP,1,Cliente
163,Trujillo and Sons,2024-01-20,5.0,COP,1,Cliente
164,Ortega Inc,2024-01-27,1.0,COP,0,Cliente
165,"Erazo, Restrepo and Muñoz",2024-02-06,2.0,COP,0,Cliente
166,Pérez-Calderón,2024-02-13,6.0,COP,0,Cliente
167,"Pinzón, Castaño and Pérez",2024-09-13,4.0,USD,1,Cliente
168,González-Rodríguez,2024-03-11,1.0,,0,Cliente
169,Escobar-Gamboa,2024-07-16,3.0,USD,1,Cliente
170,Medina-Forero,2024-07-05,4.0,COP,1,Cliente
171,Vega Ltd,2024-06-26,1.0,COP,1,Cliente
172,López LLC,2024-05-17,2.0,COP,0,Cliente
173,"Carvajal, González and Castrillón",2024-09-13,4.0,COP,1,Cliente
174,Romero Group,2024-05-11,4.0,COP,0,Cliente
175,"ARIAS, MORA AND HERRERA",2024-02-22,4.0,COP,1,Cliente
176,Pinto-López,2024-03-10,2.0,COP,0,Cliente
177,ACEVEDO-SALCEDO,2024-01-23,4.0,COP,1,Cliente
178,"SÁNCHEZ, DÍAZ AND GUZMÁN",2024-01-03,1.0,COP,1,Cliente
179,"ORTIZ, MONTES AND MONTOYA",2024-09-23,6.0,COP,1,Cliente
180,Restrepo-Luna,2024-08-17,2.0,COP,1,Cliente
181,Mercado PLC,2024-02-03,5.0,,0,Lead
182,Salcedo-Alfonso,2024-08-26,6.0,,0,Lead
183,"Velasco, Fernández and Perdomo",2024-03-20,5.0,,0,Lead
184,Castillo-Herrera,2024-08-18,6.0,,0,Perdido
185,Londoño-Murillo,2024-05-26,2.0,,0,Perdido
186,Mosquera Group,2024-07-23,5.0,,0,Lead
187,"Vásquez, Agudelo and Guevara",2024-12-09,5.0,,0,Perdido
188,"Suárez, Angulo and Caicedo",2024-12-22,2.0,,0,Trial
189,"Rodríguez, Camacho and Marín",2024-11-04,4.0,,0,Perdido
190,"Rodríguez, Martínez and Camacho",2024-08-19,3.0,,0,Perdido
191,Giraldo-Méndez,2024-02-19,4.0,,0,Lead
192,"Torres, Cano and Bautista",2024-02-15,2.0,,0,Trial
193,Espitia-Melo,2024-10-05,1.0,,0,Perdido
194,Gutiérrez Inc,2024-10-10,2.0,,0,Lead
195,Caicedo-Díaz,2024-02-13,1.0,,0,Perdido
196,"Guevara, Morales and Torres",2024-01-19,6.0,,0,Lead
197,Martínez LLC,2024-01-14,1.0,,0,Trial
198,Rivera-Fajardo,2024-09-15,1.0,,0,Lead
199,Gil-Acosta,2024-11-15,3.0,,0,Trial
200,"Chacón, Gaviria and Pérez",2024-09-04,2.0,,0,Lead
201,Acosta PLC,2024-10-10,6.0,,0,Perdido
202,Salazar LLC,2024-04-17,4.0,,0,Trial
203,"Salazar, Morales and Castro",2024-04-23,4.0,,0,Lead
204,"Duque, Martínez and Giraldo",2024-11-21,1.0,,0,Trial
205,Ramírez-Páez,2024-07-25,3.0,,0,Trial
206,Torres-Corredor,2024-12-25,4.0,,0,Lead
207,González-Martínez,2024-11-06,6.0,,0,Perdido
208,"Carrillo, Chávez and Sierra",2024-01-19,1.0,,0,Trial
209,"Castro, Torres and Escobar",2024-06-12,6.0,,0,Lead
210,Díaz-Ortiz,2024-04-15,2.0,,0,Lead
211,Ramírez-Vera,2024-08-26,5.0,,0,Lead
212,Mosquera-Londoño,2024-03-25,4.0,,0,Trial
213,"Arévalo, Quintero and Barrera",2024-04-25,4.0,,0,Lead
214,"Bermúdez, García and Pérez",2024-09-22,4.0,,0,Lead
215,Gómez LLC,2024-11-22,1.0,,0,Perdido
216,Muñoz-Suárez,2024-02-17,1.0,,0,Lead
217,Vargas-Forero,2024-07-10,2.0,,0,Trial
218,"Trujillo, Díaz and Rodríguez",2024-04-09,4.0,,0,Trial
219,Benítez and Sons,2024-03-22,1.0,,0,Trial
220,"Salamanca, Rubio and Sánchez",2024-07-20,1.0,,0,Trial
221,"Páez, Ortega and Hurtado",2024-05-05,4.0,,0,Trial
222,"Rivera, Vanegas and Vargas",2024-12-25,6.0,,0,Perdido
223,Guevara PLC,2024-12-24,6.0,,0,Trial
224,"Martínez, Palacio and Hernández",2024-04-07,2.0,,0,Trial
225,"Rico, Guerrero and Arias",2024-01-23,2.0,,0,Perdido
226,"López, Henao and Mosquera",2024-09-25,6.0,,0,Lead
227,"Carmona, Muñoz and Burgos",2024-06-09,6.0,,0,Lead
228,Mosquera-Hernández,2024-10-20,1.0,,0,Trial
229,Guerrero-Salas,2024-09-17,5.0,,0,Lead
230,Serna-Sánchez,2024-09-23,1.0,,0,Lead
231,Castaño-Valencia,2024-02-26,2.0,,0,Perdido
232,"Martínez, Núñez and Carmona",2024-11-04,1.0,,0,Lead
233,Pérez-Gutiérrez,2024-02-20,4.0,,0,Perdido
234,Sierra Group,2024-10-01,2.0,,0,Perdido
235,Triana-Hoyos,2024-10-04,1.0,,0,Lead
236,Rivera Group  ,,,COP,1,
237,Castillo LLC,,,COP,1,
238,Gómez-Quintero,,,COP,1,
239,Castillo LLC,,,COP,1,
240,Gómez-Quintero,,,COP,1,
241,RIVERA  GROUP S.A.S.,,,,0,
242,"LOA IZA , ESPINOSA  A ND SOLA NO S.A.S.",,,,0,
243,"RA MÍREZ, ÁLVA REZ A ND BA RRA GÁN S.A.S.",,,,0,
244,"TORRES, GA RCÍA  A ND BA RRERA S.A.S.",,,,0,
245,CA STILLO LLC S.A.S.,,,,0,
246,"SUÁREZ, RUIZ A ND ESPINOSA S.A.S.",,,,0,
247,PA RA DA  LLC SAS,,,,0,
