id_evento,id_carga,id_cliente,id_periodo,id_plan,id_plan_anterior,tipo_evento,moneda_origen,monto_mensual_cop,monto_anterior_cop,fecha_evento,numero_linea,hash_fila
1,2,1,202404,1,,nueva_suscripcion,COP,149000,,2024-04-08,,6442d3ff142c2fc7
2,2,2,202405,2,,nueva_suscripcion,COP,349000,,2024-05-06,,38d2f83afed95e70
3,2,2,202406,3,2.0,upgrade,COP,899000,349000.0,2024-06-03,,d8cfe1775ef0122f
4,2,3,202404,1,,nueva_suscripcion,COP,149000,,2024-04-25,,f001ad2192b662eb
5,2,3,202411,1,,cancelacion,COP,149000,,2024-11-24,,3d91a4013290d2a2
6,2,4,202403,2,,nueva_suscripcion,COP,349000,,2024-03-14,,d6f93aa240e93483
7,2,5,202402,3,,nueva_suscripcion,USD,906430,,2024-02-19,,da09545ecffd8f13
8,2,5,202403,2,3.0,downgrade,USD,354932,906430.0,2024-03-08,,580cfcb183cead1d
9,2,5,202407,2,,cancelacion,USD,359916,,2024-07-21,,ab73298c71846cc8
10,2,7,202402,2,,nueva_suscripcion,COP,349000,,2024-02-24,,c281134354482e86
11,2,7,202409,3,2.0,upgrade,COP,899000,349000.0,2024-09-16,,3e48924fb0ddf018
12,2,8,202404,1,,nueva_suscripcion,COP,149000,,2024-04-15,,8701d7a5616d5def
13,2,9,202401,3,,nueva_suscripcion,USD,915170,,2024-01-07,,72c51c2329174ddd
14,2,9,202411,3,,cancelacion,USD,902060,,2024-11-19,,73b257c9bdb4b841
15,2,10,202402,1,,nueva_suscripcion,COP,149000,,2024-02-24,,372834f05dc13c38
16,2,10,202411,2,1.0,upgrade,COP,349000,149000.0,2024-11-25,,455933eb1f7048a7
17,2,11,202406,1,,nueva_suscripcion,COP,149000,,2024-06-02,,0a3683ad1cbd5787
18,2,11,202411,1,,cancelacion,COP,149000,,2024-11-09,,fc3f332a11b9bc7b
19,2,12,202406,1,,nueva_suscripcion,COP,149000,,2024-06-27,,b0cd7d2f4064ff1a
20,2,12,202410,2,1.0,upgrade,COP,349000,149000.0,2024-10-03,,99b376f600d7c3e7
21,2,13,202409,2,,nueva_suscripcion,COP,349000,,2024-09-24,,c97311c1b11cbebb
22,2,14,202408,2,,nueva_suscripcion,COP,349000,,2024-08-07,,c29d859120549341
23,2,15,202403,1,,nueva_suscripcion,COP,149000,,2024-03-09,,6d21182338ef0c36
24,2,17,202408,1,,nueva_suscripcion,COP,149000,,2024-08-06,,b0f20a282d0ba37d
25,2,18,202405,2,,nueva_suscripcion,COP,349000,,2024-05-16,,c798974a9bdf70a2
26,2,19,202404,1,,nueva_suscripcion,COP,149000,,2024-04-02,,e3802bd04f9778a5
27,2,20,202404,2,,nueva_suscripcion,COP,349000,,2024-04-10,,abcb5762c6293614
28,2,21,202409,2,,nueva_suscripcion,COP,349000,,2024-09-21,,6af7065bd43f9de5
29,2,22,202405,3,,nueva_suscripcion,COP,899000,,2024-05-25,,c1de81d44e980992
30,2,22,202406,2,3.0,downgrade,COP,349000,899000.0,2024-06-13,,2f558f54cdf43cad
31,2,23,202401,2,,nueva_suscripcion,COP,349000,,2024-01-01,,ece15d21a68f7eb6
32,2,24,202401,1,,nueva_suscripcion,COP,149000,,2024-01-06,,944b899b7ce3fa5e
33,2,24,202409,2,1.0,upgrade,COP,349000,149000.0,2024-09-22,,9f3b595d1627d0c3
34,2,24,202411,3,2.0,upgrade,COP,899000,349000.0,2024-11-25,,49a91516dbece530
35,2,25,202405,2,,nueva_suscripcion,COP,349000,,2024-05-09,,c410459f5a147fbe
36,2,25,202406,3,2.0,upgrade,COP,899000,349000.0,2024-06-17,,50990eb8bcdda726
37,2,26,202402,1,,nueva_suscripcion,COP,149000,,2024-02-13,,f4e4367708854da7
38,2,26,202408,1,,cancelacion,COP,149000,,2024-08-23,,7ab4d8aa71c5e864
39,2,27,202402,1,,nueva_suscripcion,COP,149000,,2024-02-01,,2a51b4c41748bc0f
40,2,27,202403,2,1.0,upgrade,COP,349000,149000.0,2024-03-16,,8705f563bccfa8f0
41,2,27,202406,3,2.0,upgrade,COP,899000,349000.0,2024-06-18,,27219ac65216b071
42,2,28,202406,2,,nueva_suscripcion,COP,349000,,2024-06-18,,4fe1a7e844368237
43,2,28,202408,3,2.0,upgrade,COP,899000,349000.0,2024-08-18,,f25776c18fa73bb1
44,2,29,202403,1,,nueva_suscripcion,COP,149000,,2024-03-13,,0456ef684f628324
45,2,29,202405,1,,cancelacion,COP,149000,,2024-05-06,,2317823e6ce7d632
46,2,30,202404,2,,nueva_suscripcion,COP,349000,,2024-04-19,,aced3ce54650bfab
47,2,30,202405,3,2.0,upgrade,COP,899000,349000.0,2024-05-06,,ac5039b6bc7acc50
48,2,30,202409,2,3.0,downgrade,COP,349000,899000.0,2024-09-01,,99c5ed0b7935b133
49,2,31,202409,2,,nueva_suscripcion,COP,349000,,2024-09-21,,5c778ae1ae3487ab
50,2,32,202401,2,,nueva_suscripcion,COP,349000,,2024-01-06,,ce9ae5283929c83c
51,2,32,202410,3,2.0,upgrade,COP,899000,349000.0,2024-10-11,,cbae351c79a902ba
52,2,33,202406,2,,nueva_suscripcion,COP,349000,,2024-06-22,,8a62975b54a6b8cf
53,2,33,202412,3,2.0,upgrade,COP,899000,349000.0,2024-12-13,,14791ce58877cb35
54,2,34,202405,1,,nueva_suscripcion,COP,149000,,2024-05-22,,7569e3ff3cb30bc5
55,2,35,202406,2,,nueva_suscripcion,COP,349000,,2024-06-03,,98b21c269a3f3ff1
56,2,36,202409,1,,nueva_suscripcion,COP,149000,,2024-09-06,,6e65f178fc9861e7
57,2,37,202401,1,,nueva_suscripcion,COP,149000,,2024-01-21,,eb2867910123bc2a
58,2,37,202411,2,1.0,upgrade,COP,349000,149000.0,2024-11-15,,44252cb06e36a6f3
59,2,38,202409,2,,nueva_suscripcion,COP,349000,,2024-09-04,,592140c4aecff2d3
60,2,39,202403,1,,nueva_suscripcion,COP,149000,,2024-03-25,,22e37e7f207f27ef
61,2,40,202404,1,,nueva_suscripcion,COP,149000,,2024-04-25,,cb89d33a4510cf80
62,2,41,202407,2,,nueva_suscripcion,COP,349000,,2024-07-05,,93f620ff21f75176
63,2,41,202411,1,2.0,downgrade,COP,149000,349000.0,2024-11-10,,2e497906d751b453
64,2,42,202409,1,,nueva_suscripcion,COP,149000,,2024-09-09,,7289a2de2eec6874
65,2,42,202411,1,,cancelacion,COP,149000,,2024-11-07,,0d542fe4ad5ef98c
66,2,43,202406,3,,nueva_suscripcion,USD,905050,,2024-06-17,,c25db7d6a8242181
67,2,44,202403,3,,nueva_suscripcion,USD,917240,,2024-03-22,,63a0048379abfbe5
68,2,45,202403,1,,nueva_suscripcion,COP,149000,,2024-03-14,,f89c1485e8c35a0a
69,2,45,202406,2,1.0,upgrade,COP,349000,149000.0,2024-06-13,,b81eb2aa6d3f1e65
70,2,45,202411,1,2.0,downgrade,COP,149000,349000.0,2024-11-02,,68d1f9cf80bd6ee2
71,2,46,202403,2,,nueva_suscripcion,COP,349000,,2024-03-22,,72e33d1568679ff5
72,2,46,202411,3,2.0,upgrade,COP,899000,349000.0,2024-11-11,,fba911e7ce15f543
73,2,46,202412,2,3.0,downgrade,COP,349000,899000.0,2024-12-26,,f682ea208c62c02a
74,2,47,202401,1,,nueva_suscripcion,COP,149000,,2024-01-09,,da5d9a266a1eef98
75,2,48,202407,1,,nueva_suscripcion,COP,149000,,2024-07-15,,47cb5e64b5e09061
76,2,49,202405,3,,nueva_suscripcion,COP,899000,,2024-05-24,,acd24b31e6d82864
77,2,50,202405,2,,nueva_suscripcion,COP,349000,,2024-05-01,,51c4bfe671c228ba
78,2,51,202408,2,,nueva_suscripcion,COP,349000,,2024-08-01,,84e979c5b58ea337
79,2,51,202409,3,2.0,upgrade,COP,899000,349000.0,2024-09-13,,d8b8a0fc1e8a884e
80,2,51,202410,2,3.0,downgrade,COP,349000,899000.0,2024-10-16,,e18e54ea482736bf
81,2,52,202403,1,,nueva_suscripcion,COP,149000,,2024-03-07,,1993c815b68cb552
82,2,53,202408,3,,nueva_suscripcion,USD,919080,,2024-08-05,,d96f984cb5428da2
83,2,53,202410,2,3.0,downgrade,USD,354398,919080.0,2024-10-26,,76143b6d6934ca33
84,2,54,202401,1,,nueva_suscripcion,COP,149000,,2024-01-17,,579fcd877cbcd589
85,2,54,202403,2,1.0,upgrade,COP,349000,149000.0,2024-03-03,,ea4e2d9506771c14
86,2,54,202409,2,,cancelacion,COP,349000,,2024-09-26,,d2455a400fcd948e
87,2,55,202409,1,,nueva_suscripcion,COP,149000,,2024-09-24,,5d8feee8a17b2846
88,2,56,202401,2,,nueva_suscripcion,COP,349000,,2024-01-09,,b4a152a23eec116f
89,2,56,202406,3,2.0,upgrade,COP,899000,349000.0,2024-06-09,,99f787291cd32ac1
90,2,58,202408,1,,nueva_suscripcion,COP,149000,,2024-08-25,,7df7869f2d3476b7
91,2,59,202403,1,,nueva_suscripcion,COP,149000,,2024-03-08,,b4a0a4500b7fcb78
92,2,59,202405,2,1.0,upgrade,COP,349000,149000.0,2024-05-25,,fdb18f20b072bf1b
93,2,59,202407,3,2.0,upgrade,COP,899000,349000.0,2024-07-20,,871943e3ae1c6a1e
94,2,59,202409,2,3.0,downgrade,COP,349000,899000.0,2024-09-02,,acc6e364d6b54d04
95,2,59,202410,2,,cancelacion,COP,349000,,2024-10-20,,6d937405ab13625a
96,2,60,202408,2,,nueva_suscripcion,COP,349000,,2024-08-19,,6ce81f1a1abae4fb
97,2,60,202410,2,,cancelacion,COP,349000,,2024-10-08,,5e8d239ecde095fa
98,2,61,202408,3,,nueva_suscripcion,COP,899000,,2024-08-20,,9c0b061a2b225f98
99,2,62,202407,3,,nueva_suscripcion,USD,930120,,2024-07-11,,fea704ffeb0a18d3
100,2,63,202403,1,,nueva_suscripcion,COP,149000,,2024-03-02,,d592042117983c6c
101,2,63,202408,2,1.0,upgrade,COP,349000,149000.0,2024-08-25,,55a3963affe5f009
102,2,63,202410,2,,cancelacion,COP,349000,,2024-10-26,,6e0bb433e0f6d250
103,2,64,202405,1,,nueva_suscripcion,COP,149000,,2024-05-26,,129e78634db2efef
104,2,65,202406,1,,nueva_suscripcion,COP,149000,,2024-06-12,,857c50a291c4083c
105,2,66,202403,2,,nueva_suscripcion,COP,349000,,2024-03-06,,70aa11fde9f94454
106,2,67,202408,3,,nueva_suscripcion,COP,899000,,2024-08-03,,c5d9dec07431782b
107,2,68,202405,1,,nueva_suscripcion,COP,149000,,2024-05-21,,670462132aa5925c
108,2,68,202412,1,,cancelacion,COP,149000,,2024-12-10,,36d3bcc1c791a383
109,2,69,202408,2,,nueva_suscripcion,COP,349000,,2024-08-08,,a05622d7158714b8
110,2,70,202401,1,,nueva_suscripcion,COP,149000,,2024-01-12,,91eaa74894ad5412
111,2,71,202401,1,,nueva_suscripcion,COP,149000,,2024-01-26,,fe679010aad2d765
112,2,71,202404,1,,cancelacion,COP,149000,,2024-04-26,,5c742b673cd32d5c
113,2,72,202409,3,,nueva_suscripcion,COP,899000,,2024-09-06,,c7b7655a6f0a8c19
114,2,73,202409,1,,nueva_suscripcion,COP,149000,,2024-09-01,,8f87ff75c16d214e
115,2,74,202409,2,,nueva_suscripcion,COP,349000,,2024-09-14,,6e4f9f0879a7c09b
116,2,75,202407,1,,nueva_suscripcion,COP,149000,,2024-07-07,,f80bfa50d0fee448
117,2,76,202405,1,,nueva_suscripcion,COP,149000,,2024-05-23,,6e46ba950e709d9c
118,2,77,202406,2,,nueva_suscripcion,COP,349000,,2024-06-12,,0e1701533a1d7c37
119,2,77,202410,1,2.0,downgrade,COP,149000,349000.0,2024-10-05,,db93e4b797b7dc22
120,2,78,202407,2,,nueva_suscripcion,COP,349000,,2024-07-03,,bba3367b21b95dba
121,2,78,202411,3,2.0,upgrade,COP,899000,349000.0,2024-11-14,,b8a109351772eefd
122,2,79,202407,2,,nueva_suscripcion,COP,349000,,2024-07-27,,1092876e16612112
123,2,80,202409,1,,nueva_suscripcion,COP,149000,,2024-09-13,,ee03a7b087befe72
124,2,81,202406,1,,nueva_suscripcion,COP,149000,,2024-06-22,,a81d4eeec4a1a669
125,2,81,202407,1,,cancelacion,COP,149000,,2024-07-27,,ace808e28e4549b0
126,2,82,202401,1,,nueva_suscripcion,COP,149000,,2024-01-10,,77ec4cf27cc65cda
127,2,83,202408,1,,nueva_suscripcion,COP,149000,,2024-08-16,,a51b0d7292b42f9c
128,2,84,202409,2,,nueva_suscripcion,COP,349000,,2024-09-27,,d8d2099d36c16a02
129,2,85,202403,1,,nueva_suscripcion,COP,149000,,2024-03-16,,5a7fa7d80da5856e
130,2,86,202404,1,,nueva_suscripcion,COP,149000,,2024-04-24,,94d3c1f608f83995
131,2,87,202404,2,,nueva_suscripcion,COP,349000,,2024-04-15,,8fb3c307c1f9f664
132,2,87,202406,3,2.0,upgrade,COP,899000,349000.0,2024-06-03,,8d87cdc9fed901e5
133,2,88,202402,1,,nueva_suscripcion,COP,149000,,2024-02-25,,2f3f85b893ead3a2
134,2,88,202412,2,1.0,upgrade,COP,349000,149000.0,2024-12-19,,e0be81e9c38b17c1
135,2,89,202408,2,,nueva_suscripcion,COP,349000,,2024-08-20,,633009a57345e86a
136,2,91,202405,1,,nueva_suscripcion,COP,149000,,2024-05-19,,23ed256a6c9ee871
137,2,91,202406,2,1.0,upgrade,COP,349000,149000.0,2024-06-22,,9d0f69185cacda6a
138,2,91,202407,1,2.0,downgrade,COP,149000,349000.0,2024-07-25,,0c672cc0d330be89
139,2,91,202408,1,,cancelacion,COP,149000,,2024-08-18,,acc43fbdb03a9853
140,2,92,202408,2,,upgrade,COP,349000,,2024-08-09,,9ab2a630c1ac5651
141,2,93,202409,2,,nueva_suscripcion,COP,349000,,2024-09-22,,228580be1b92ea8f
142,2,93,202412,3,2.0,upgrade,COP,899000,349000.0,2024-12-04,,45b5218b3c986c98
143,2,94,202405,2,,nueva_suscripcion,COP,349000,,2024-05-18,,9ea12f5dfada3fd8
144,2,95,202407,1,,nueva_suscripcion,COP,149000,,2024-07-20,,ca2c644f555a6ed1
145,2,95,202410,1,,cancelacion,COP,149000,,2024-10-15,,74a55cb06fdf2e4c
146,2,96,202401,2,,nueva_suscripcion,COP,349000,,2024-01-03,,a8bae9f4bbdec37c
147,2,97,202409,1,,nueva_suscripcion,COP,149000,,2024-09-02,,2bbbdb2b7f53b37e
148,2,98,202403,3,,nueva_suscripcion,COP,899000,,2024-03-26,,d9addfd97dfaebae
149,2,99,202402,1,,nueva_suscripcion,COP,149000,,2024-02-20,,a29d661ecca588ad
150,2,99,202403,1,,cancelacion,COP,149000,,2024-03-17,,9bf931afe5ed4d33
151,2,99,202406,1,,reactivacion,COP,149000,,2024-06-16,,0781835534bd629f
152,2,100,202403,1,,nueva_suscripcion,COP,149000,,2024-03-27,,25734ee252d5cb59
153,2,101,202403,2,,nueva_suscripcion,COP,349000,,2024-03-24,,2905d00583f4a24f
154,2,101,202407,3,2.0,upgrade,COP,899000,349000.0,2024-07-19,,a6d8c6417bb11cb0
155,2,101,202409,2,3.0,downgrade,COP,349000,899000.0,2024-09-15,,6fad0cd5c71ec06e
156,2,102,202404,2,,nueva_suscripcion,COP,349000,,2024-04-21,,fa21017c4cfb2649
157,2,103,202408,2,,nueva_suscripcion,COP,349000,,2024-08-23,,50e5fb3a923b6e9b
158,2,104,202401,1,,nueva_suscripcion,COP,149000,,2024-01-19,,0055e52796b91713
159,2,104,202406,1,,cancelacion,COP,149000,,2024-06-07,,7d4b30cc637a326a
160,2,106,202405,3,,nueva_suscripcion,COP,899000,,2024-05-08,,bd6f4260cde67acc
161,2,107,202402,1,,nueva_suscripcion,COP,149000,,2024-02-11,,a6c4650bce6f9602
162,2,107,202410,1,,cancelacion,COP,149000,,2024-10-24,,be55f079d1d43e8d
163,2,108,202408,2,,nueva_suscripcion,COP,349000,,2024-08-13,,0d80c972932666b4
164,2,108,202411,2,,cancelacion,COP,349000,,2024-11-18,,04ce5709033e47d3
165,2,109,202409,1,,nueva_suscripcion,COP,149000,,2024-09-23,,b1cfa702d92310d9
166,2,110,202407,2,,nueva_suscripcion,COP,349000,,2024-07-14,,61d37fba8313a133
167,2,111,202403,3,,nueva_suscripcion,USD,917240,,2024-03-08,,bc9a1fb408492206
168,2,111,202404,2,3.0,downgrade,USD,359649,917240.0,2024-04-12,,22086e2e8c047597
169,2,111,202408,3,2.0,upgrade,USD,919080,359649.0,2024-08-17,,e101c942fa89c9a3
170,2,112,202401,1,,nueva_suscripcion,COP,149000,,2024-01-23,,e5eba64d146e1565
171,2,112,202405,1,,cancelacion,COP,149000,,2024-05-09,,684cc8696a7d61f7
172,2,113,202401,1,,nueva_suscripcion,COP,149000,,2024-01-12,,cad81411d0b4cf86
173,2,113,202411,1,,cancelacion,COP,149000,,2024-11-15,,816e32912930b4f2
174,2,114,202408,2,,nueva_suscripcion,COP,349000,,2024-08-09,,a48c97679aabe074
175,2,115,202402,2,,nueva_suscripcion,COP,349000,,2024-02-13,,30cefe4399872b85
176,2,115,202409,1,2.0,downgrade,COP,149000,349000.0,2024-09-12,,d339bdf5791d6331
177,2,116,202402,1,,nueva_suscripcion,COP,149000,,2024-02-16,,2b52d0cacece6c49
178,2,116,202406,1,,cancelacion,COP,149000,,2024-06-04,,8caca134f4aa8edc
179,2,117,202405,2,,nueva_suscripcion,COP,349000,,2024-05-13,,75dc71f200886296
180,2,118,202403,1,,nueva_suscripcion,COP,149000,,2024-03-25,,07b52ce1dc556d51
181,2,119,202404,2,,nueva_suscripcion,COP,349000,,2024-04-07,,8c1f014c100c9350
182,2,119,202408,3,2.0,upgrade,COP,899000,349000.0,2024-08-27,,276a6c28aaf37b8d
183,2,120,202409,1,,nueva_suscripcion,COP,149000,,2024-09-03,,814035fd0c6e8807
184,2,120,202412,1,,cancelacion,COP,149000,,2024-12-02,,748067e9bc9fea9b
185,2,121,202401,2,,nueva_suscripcion,COP,349000,,2024-01-23,,c9293a04def02daa
186,2,122,202407,2,,nueva_suscripcion,COP,349000,,2024-07-03,,235c8e6241f012a9
187,2,122,202408,3,2.0,upgrade,COP,899000,349000.0,2024-08-12,,7f7db325c96a4775
188,2,123,202405,2,,nueva_suscripcion,COP,349000,,2024-05-20,,f75a517b32d6a38e
189,2,123,202410,3,2.0,upgrade,COP,899000,349000.0,2024-10-21,,2ebef22d6150359f
190,2,123,202412,2,3.0,downgrade,COP,349000,899000.0,2024-12-22,,71f67fdfd9d03a10
191,2,124,202405,2,,nueva_suscripcion,COP,349000,,2024-05-17,,b76b7685d554fec0
192,2,124,202406,1,2.0,downgrade,COP,149000,349000.0,2024-06-22,,c6bffd6025f0c0e0
193,2,125,202405,3,,nueva_suscripcion,COP,899000,,2024-05-24,,12767539f99672de
194,2,125,202411,2,3.0,downgrade,COP,349000,899000.0,2024-11-13,,dfd7f394fc5af56c
195,2,126,202407,2,,nueva_suscripcion,COP,349000,,2024-07-15,,1c1d986c1d3cdaa3
196,2,127,202407,2,,nueva_suscripcion,COP,349000,,2024-07-25,,230222dd8aaab0b4
197,2,128,202401,1,,nueva_suscripcion,COP,149000,,2024-01-17,,c7a09e3398bfc8ad
198,2,128,202410,1,,cancelacion,COP,149000,,2024-10-18,,b4c5647a01963ae8
199,2,129,202403,2,,nueva_suscripcion,COP,349000,,2024-03-21,,fd002cde5c44e1ba
200,2,130,202403,3,,nueva_suscripcion,COP,899000,,2024-03-19,,6e2ba3848011b1d9
201,2,130,202412,2,3.0,downgrade,COP,349000,899000.0,2024-12-10,,3b6d505783ddba9c
202,2,131,202401,3,,nueva_suscripcion,USD,915170,,2024-01-01,,24e9eab3efd06600
203,2,131,202411,2,3.0,downgrade,USD,349058,915170.0,2024-11-15,,a412fa01c9e621a7
204,2,132,202404,3,,nueva_suscripcion,USD,929430,,2024-04-09,,89e295f0fa86c624
205,2,133,202402,2,,nueva_suscripcion,COP,349000,,2024-02-25,,ca1dce35a70e48c6
206,2,133,202407,2,,cancelacion,COP,349000,,2024-07-12,,e032fb7be1c5270b
207,2,134,202407,2,,nueva_suscripcion,COP,349000,,2024-07-11,,7af29d4dc210ff0b
208,2,135,202403,2,,nueva_suscripcion,COP,349000,,2024-03-26,,f6d2ab58f735135f
209,2,135,202409,1,2.0,downgrade,COP,149000,349000.0,2024-09-23,,22525c230982c6c9
210,2,136,202404,2,,nueva_suscripcion,COP,349000,,2024-04-13,,97389a2e6858bff5
211,2,137,202403,2,,nueva_suscripcion,COP,349000,,2024-03-03,,76fa913461d8229d
212,2,137,202407,2,,cancelacion,COP,349000,,2024-07-21,,37850e46a00a5dc5
213,2,138,202407,1,,nueva_suscripcion,COP,149000,,2024-07-27,,bac6ebbfc5806349
214,2,139,202404,1,,nueva_suscripcion,COP,149000,,2024-04-02,,3b730487e98eb389
215,2,140,202406,3,,nueva_suscripcion,COP,899000,,2024-06-22,,75febd87a55921a0
216,2,141,202404,2,,nueva_suscripcion,COP,349000,,2024-04-20,,b04aef83fb8a478b
217,2,141,202405,1,2.0,downgrade,COP,149000,349000.0,2024-05-04,,97d76cb198e30ff6
218,2,142,202402,2,,nueva_suscripcion,COP,349000,,2024-02-03,,2d83fc967098b772
219,2,142,202406,1,2.0,downgrade,COP,149000,349000.0,2024-06-01,,c8c86e71b6c467f5
220,2,142,202411,1,,cancelacion,COP,149000,,2024-11-01,,b99f20b346aaa9cb
221,2,143,202405,2,,nueva_suscripcion,COP,349000,,2024-05-04,,d419bafd17063336
222,2,144,202408,1,,nueva_suscripcion,COP,149000,,2024-08-24,,0c1165cfec75319f
223,2,145,202408,1,,nueva_suscripcion,COP,149000,,2024-08-25,,ee1493be6d372636
224,2,146,202402,1,,nueva_suscripcion,COP,149000,,2024-02-22,,a84aaf35432f9f5a
225,2,146,202403,2,1.0,upgrade,COP,349000,149000.0,2024-03-08,,05facc808a7a7f2b
226,2,146,202411,2,,cancelacion,COP,349000,,2024-11-05,,43624a5e8eb2c3be
227,2,147,202405,1,,nueva_suscripcion,COP,149000,,2024-05-03,,52215be979e516a9
228,2,148,202404,1,,nueva_suscripcion,COP,149000,,2024-04-02,,65720a1209741554
229,2,148,202406,2,1.0,upgrade,COP,349000,149000.0,2024-06-12,,4ddb2bd26ecfdbff
230,2,149,202403,1,,nueva_suscripcion,COP,149000,,2024-03-01,,e4d66561c60fd39c
231,2,149,202408,2,1.0,upgrade,COP,349000,149000.0,2024-08-03,,57ba0993e35f4d2e
232,2,150,202408,1,,nueva_suscripcion,COP,149000,,2024-08-22,,c8b78a934de96e06
233,2,151,202409,1,,nueva_suscripcion,COP,149000,,2024-09-15,,f355114c9ecb80c5
234,2,152,202407,2,,nueva_suscripcion,COP,349000,,2024-07-25,,487f49a0c9cacf01
235,2,152,202411,3,2.0,upgrade,COP,899000,349000.0,2024-11-05,,151c9fc5d6940810
236,2,154,202403,3,,nueva_suscripcion,COP,899000,,2024-03-22,,3fb7776ff1884477
237,2,154,202408,2,3.0,downgrade,COP,349000,899000.0,2024-08-08,,fb2326de812e7c6d
238,2,155,202401,3,,nueva_suscripcion,COP,899000,,2024-01-23,,fb485f1cb91ac217
239,2,155,202411,2,3.0,downgrade,COP,349000,899000.0,2024-11-26,,36b5d7988acad35d
240,2,155,202412,3,2.0,upgrade,COP,899000,349000.0,2024-12-24,,6c4fa4dd3183bd0e
241,2,156,202405,1,,nueva_suscripcion,COP,149000,,2024-05-27,,b7679a92b8edc071
242,2,157,202401,2,,nueva_suscripcion,COP,349000,,2024-01-11,,55013e9cea3a739c
243,2,157,202410,3,2.0,upgrade,COP,899000,349000.0,2024-10-27,,9500e07943ec8a32
244,2,158,202405,1,,nueva_suscripcion,COP,149000,,2024-05-26,,c489f113e767c431
245,2,159,202406,2,,nueva_suscripcion,COP,349000,,2024-06-24,,b888c0af58d7e124
246,2,160,202407,1,,nueva_suscripcion,COP,149000,,2024-07-12,,dba9b39e9295f002
247,2,161,202401,2,,nueva_suscripcion,COP,349000,,2024-01-01,,88775aa93c8ab2d1
248,2,162,202407,1,,nueva_suscripcion,COP,149000,,2024-07-21,,ae0500e3c288e2b1
249,2,163,202401,1,,nueva_suscripcion,COP,149000,,2024-01-16,,886d4c76c5677034
250,2,163,202408,2,1.0,upgrade,COP,349000,149000.0,2024-08-17,,9334e22b96d22571
251,2,164,202401,2,,nueva_suscripcion,COP,349000,,2024-01-16,,cb97211ec2b7ca22
252,2,164,202402,3,2.0,upgrade,COP,899000,349000.0,2024-02-14,,d066ffcb8a240aa8
253,2,164,202403,2,3.0,downgrade,COP,349000,899000.0,2024-03-15,,db6d7b1c4c17cb2d
254,2,164,202404,2,,cancelacion,COP,349000,,2024-04-17,,64380da07b44b7a3
255,2,165,202402,2,,nueva_suscripcion,COP,349000,,2024-02-05,,d0ff883134bce76f
256,2,165,202411,2,,cancelacion,COP,349000,,2024-11-25,,53476a9abd47a982
257,2,166,202402,1,,nueva_suscripcion,COP,149000,,2024-02-06,,b94048d0e5387ccd
258,2,166,202411,1,,cancelacion,COP,149000,,2024-11-18,,31c9bdf26238a0e0
259,2,167,202409,3,,nueva_suscripcion,USD,901830,,2024-09-07,,479e48d9ef0208e8
260,2,169,202407,3,,nueva_suscripcion,USD,930120,,2024-07-20,,f04654557dc16cc0
261,2,170,202407,2,,nueva_suscripcion,COP,349000,,2024-07-08,,b59d1a7b13ad486c
262,2,170,202412,3,2.0,upgrade,COP,899000,349000.0,2024-12-07,,0ad11addc24c295b
263,2,171,202406,1,,nueva_suscripcion,COP,149000,,2024-06-13,,58f0bd2724d62e41
264,2,172,202405,2,,nueva_suscripcion,COP,349000,,2024-05-15,,edd71e86ee81d9c7
265,2,172,202411,2,,cancelacion,COP,349000,,2024-11-27,,6cb728dc600f0810
266,2,173,202409,1,,nueva_suscripcion,COP,149000,,2024-09-26,,65a060c03a13f4b6
267,2,174,202405,2,,nueva_suscripcion,COP,349000,,2024-05-22,,7ab8e99026b59b0f
268,2,174,202409,2,,cancelacion,COP,349000,,2024-09-09,,687b38097377730a
269,2,175,202402,1,,nueva_suscripcion,COP,149000,,2024-02-12,,941ee9caa05d6c58
270,2,176,202403,2,,nueva_suscripcion,COP,349000,,2024-03-03,,78b2bf8bdfd75943
271,2,176,202404,2,,cancelacion,COP,349000,,2024-04-18,,836ae69dd566bdca
272,2,177,202401,1,,nueva_suscripcion,COP,149000,,2024-01-11,,84d1de1a7d22cf56
273,2,177,202404,2,1.0,upgrade,COP,349000,149000.0,2024-04-06,,187cd03916c4d108
274,2,178,202401,1,,nueva_suscripcion,COP,149000,,2024-01-23,,621d84c376666d66
275,2,178,202410,2,1.0,upgrade,COP,349000,149000.0,2024-10-15,,cf4afb7a89b98d18
276,2,179,202409,2,,nueva_suscripcion,COP,349000,,2024-09-20,,b98dadf0f39d5322
277,2,180,202408,1,,nueva_suscripcion,COP,149000,,2024-08-10,,e717de7077cb69e0
278,2,236,202409,2,,nueva_suscripcion,COP,349000,,2024-09-15,,2d86e715e4c5f8f1
279,2,237,202401,2,,nueva_suscripcion,COP,349000,,2024-01-09,,596487ef8b830e2c
280,2,238,202401,1,,nueva_suscripcion,COP,149000,,2024-01-02,,23b4bada82fd0e86
281,2,239,202409,1,,nueva_suscripcion,COP,149000,,2024-09-06,,90909e8d57b58fe2
282,2,239,202412,2,1.0,upgrade,COP,349000,149000.0,2024-12-15,,5782eb3dce5d827d
283,2,240,202401,1,,nueva_suscripcion,COP,149000,,2024-01-23,,b34740de52574d7f
