id_periodo,anio,nombre_mes,mrr_nuevo,mrr_reactivacion,mrr_expansion,mrr_contraccion,mrr_churn,clientes_altas,clientes_bajas
202401,2024,Enero,8254340.0,0.0,0.0,0.0,0.0,28,0
202402,2024,Febrero,4141430.0,0.0,550000.0,0.0,0.0,16,0
202403,2024,Marzo,8962480.0,0.0,600000.0,1101498.0,149000.0,24,1
202404,2024,Abril,4564430.0,0.0,200000.0,557591.0,847000.0,16,3
202405,2024,Mayo,8627000.0,0.0,750000.0,200000.0,298000.0,23,2
202406,2024,Junio,4294050.0,149000.0,3350000.0,950000.0,298000.0,13,2
202407,2024,Julio,6244240.0,0.0,1100000.0,200000.0,1206916.0,18,4
202408,2024,Agosto,6552080.0,0.0,2809431.0,550000.0,298000.0,18,2
202409,2024,Septiembre,6580830.0,0.0,1300000.0,2050000.0,698000.0,22,2
202410,2024,Octubre,0.0,0.0,2050000.0,1314682.0,1494000.0,0,6
202411,2024,Noviembre,0.0,0.0,2600000.0,2066112.0,3192060.0,0,11
202412,2024,Diciembre,0.0,0.0,2600000.0,1650000.0,298000.0,0,2
