id_periodo,nombre_mes,clientes_inicio_mes,mrr_inicio_mes,clientes_bajas,mrr_churn,churn_logos_pct,churn_ingreso_pct
202402,Febrero,28,8254340.0,0,0.0,0.0,0.0
202403,Marzo,44,12945770.0,1,149000.0,2.27,1.15
202404,Abril,67,21257752.0,3,847000.0,4.48,3.98
202405,Mayo,80,24617591.0,2,298000.0,2.5,1.21
202406,Junio,101,33496591.0,2,298000.0,1.98,0.89
202407,Julio,112,40041641.0,4,1206916.0,3.57,3.01
202408,Agosto,126,45983949.0,2,298000.0,1.59,0.65
202409,Septiembre,143,54846460.0,2,698000.0,1.4,1.27
202410,Octubre,163,59979290.0,6,1494000.0,3.68,2.49
202411,Noviembre,157,59220608.0,11,3192060.0,7.01,5.39
202412,Diciembre,146,56549326.0,2,298000.0,1.37,0.53
