id_cliente,nombre_canonico,activo,estado_calidad,sistemas_confirmados,nota_calidad,mrr_inicial_cop
1,"González, Villamizar and Vargas",1,OK,"CRM,BILLING",,149000.0
2,Galvis Ltd,1,OK,"CRM,BILLING,CONTRATO",,349000.0
3,López and Sons,0,REBRANDING,"CRM,BILLING",,149000.0
4,"Agudelo, Londoño and Becerra",1,OK,"CRM,BILLING",,349000.0
5,"Vásquez, Torres and Fernández",0,OK,"CRM,BILLING,CONTRATO",,906430.0
6,Uribe and Sons,0,OK,"CRM,BILLING",,
7,"Salazar, Castro and Rojas",1,OK,"CRM,BILLING",,349000.0
8,López-Rivera,1,OK,"CRM,BILLING",,149000.0
9,SANABRIA-AGUDELO,0,OK,"CRM,BILLING,CONTRATO",,915170.0
10,ARIZA PLC,1,OK,"CRM,BILLING",,149000.0
11,CARDOZO GROUP,0,OK,"CRM,BILLING",,149000.0
12,Caicedo Ltd,1,OK,"CRM,BILLING",,149000.0
13,"Rivas, Morales and Ramírez",1,OK,"CRM,BILLING",,349000.0
14,Gómez and Sons,1,OK,"CRM,BILLING,CONTRATO",,349000.0
15,BUSTAMANTE-ORDÓÑEZ,1,OK,"CRM,BILLING",,149000.0
16,Rivera Group,0,OK,,,
17,"Palacio, Pérez and Mosquera",1,OK,"CRM,BILLING",,149000.0
18,"Ortiz, Cuesta and Jaimes",1,OK,"CRM,BILLING",,349000.0
19,"ACEVEDO, LOZANO AND VARGAS",1,OK,"CRM,BILLING",,149000.0
20,Rivera-Villamil,1,OK,"CRM,BILLING",,349000.0
21,"PACHECO, TORRES AND VALENCIA",1,OK,"CRM,BILLING,CONTRATO",,349000.0
22,Torres Inc,1,OK,"CRM,BILLING,CONTRATO",,899000.0
23,Castillo-Martínez,1,OK,"CRM,BILLING",,349000.0
24,Loaiza-Franco,1,REBRANDING,"CRM,BILLING",,149000.0
25,"Londoño, Muñoz and Orozco",1,REBRANDING,"CRM,BILLING",,349000.0
26,"CASTILLO, TORRES AND BOLÍVAR",0,OK,"CRM,BILLING",,149000.0
27,"Rincón, Tovar and Prieto",1,OK,"CRM,BILLING",,149000.0
28,Pineda Ltd,1,OK,"CRM,BILLING,CONTRATO",,349000.0
29,Hurtado-Flórez,0,OK,"CRM,BILLING",,149000.0
30,"Orjuela, Contreras and Domínguez",1,OK,"CRM,BILLING",,349000.0
31,Duarte Inc,1,OK,"CRM,BILLING,CONTRATO",,349000.0
32,"Loaiza, Espinosa and Solano",1,OK,"CRM,BILLING",,349000.0
33,González-Mejía,1,OK,"CRM,BILLING,CONTRATO",,349000.0
34,RODRÍGUEZ-CAMARGO,1,OK,"CRM,BILLING",,149000.0
35,"Ortiz, Sierra and Díaz",1,OK,"CRM,BILLING",,349000.0
36,Polo LLC,1,OK,"CRM,BILLING",,149000.0
37,"Palacios, Ramírez and Arias",1,OK,"CRM,BILLING",,149000.0
38,Montoya PLC,1,OK,"CRM,BILLING",,349000.0
39,CARVAJAL GROUP,1,OK,"CRM,BILLING",,149000.0
40,González LLC,1,OK,"CRM,BILLING",,149000.0
41,Moreno-Moreno,1,OK,"CRM,BILLING,CONTRATO",,349000.0
42,"ERAZO, GARCÍA AND REYES",0,OK,"CRM,BILLING",,149000.0
43,MANTILLA PLC,1,REBRANDING,"CRM,BILLING,CONTRATO",,905050.0
44,"Pérez, Silva and Calderón",1,OK,"CRM,BILLING,CONTRATO",,917240.0
45,Oviedo Ltd,1,OK,"CRM,BILLING",,149000.0
46,"Ramírez, Álvarez and Barragán",1,OK,"CRM,BILLING",,349000.0
47,"ARIAS, MALDONADO AND CÁRDENAS",1,OK,"CRM,BILLING",,149000.0
48,FERNÁNDEZ AND SONS,1,REBRANDING,"CRM,BILLING",,149000.0
49,"Torres, García and Barrera",1,OK,"CRM,BILLING",,899000.0
50,Martínez Inc,1,OK,"CRM,BILLING,CONTRATO",,349000.0
51,García-Moreno,1,OK,"CRM,BILLING",,349000.0
52,"REYES, MONTOYA AND VANEGAS",1,OK,"CRM,BILLING",,149000.0
53,"ESCOBAR, VARGAS AND ORTEGA",1,OK,"CRM,BILLING,CONTRATO",,919080.0
54,Ramírez-López,0,OK,"CRM,BILLING",,149000.0
55,Mosquera-Peña,1,OK,"CRM,BILLING",,149000.0
56,"MARTÍNEZ, ARANGO AND JAIMES",1,OK,"CRM,BILLING",,349000.0
57,Castillo LLC,0,OK,,,
58,VARGAS AND SONS,1,OK,"CRM,BILLING",,149000.0
59,"Cardona, Salazar and Castro",0,OK,"CRM,BILLING",,149000.0
60,Pulido Inc,0,OK,"CRM,BILLING",,349000.0
61,Montes-Ordóñez,1,OK,"CRM,BILLING,CONTRATO",,899000.0
62,Martínez PLC,1,OK,"CRM,BILLING,CONTRATO",,930120.0
63,Tamayo and Sons,0,OK,"CRM,BILLING",,149000.0
64,Parra Group,1,OK,"CRM,BILLING",,149000.0
65,Rivera Group,1,OK,"CRM,BILLING",,149000.0
66,Carmona-Serna,1,OK,"CRM,BILLING,CONTRATO",,349000.0
67,Salazar-Yepes,1,OK,"CRM,BILLING,CONTRATO",,899000.0
68,"DURÁN, REYES AND DÍAZ",0,OK,"CRM,BILLING",,149000.0
69,Tamayo PLC,1,OK,"CRM,BILLING",,349000.0
70,"Ríos, Cano and Martínez",1,OK,"CRM,BILLING",,149000.0
71,"Acosta, Villegas and Contreras",0,OK,"CRM,BILLING",,149000.0
72,Salamanca Inc,1,OK,"CRM,BILLING,CONTRATO",,899000.0
73,García Inc,1,OK,"CRM,BILLING",,149000.0
74,"Prieto, Parra and Ibarra",1,OK,"CRM,BILLING,CONTRATO",,349000.0
75,"Vargas, Hurtado and Beltrán",1,REBRANDING,"CRM,BILLING",,149000.0
76,"Álvarez, Ortiz and Hernández",1,REBRANDING,"CRM,BILLING",,149000.0
77,"Suárez, Ruiz and Espinosa",1,OK,"CRM,BILLING",,349000.0
78,Rodríguez PLC,1,OK,"CRM,BILLING,CONTRATO",,349000.0
79,"ORJUELA, GARCÍA AND ROJAS",1,OK,"CRM,BILLING",,349000.0
80,HERNÁNDEZ-ROMERO,1,OK,"CRM,BILLING",,149000.0
81,Cuéllar LLC,0,OK,"CRM,BILLING",,149000.0
82,Sánchez-Palacio,1,OK,"CRM,BILLING",,149000.0
83,"Rodríguez, Ayala and Suárez",1,REBRANDING,"CRM,BILLING",,149000.0
84,"López, Monsalve and Ortiz",1,OK,"CRM,BILLING",,349000.0
85,Villamizar and Sons,1,OK,"CRM,BILLING",,149000.0
86,Castro-Rojas,1,OK,"CRM,BILLING",,149000.0
87,Ramírez-Acevedo,1,OK,"CRM,BILLING",,349000.0
88,Mora-Vargas,1,OK,"CRM,BILLING",,149000.0
89,López Group,1,OK,"CRM,BILLING",,349000.0
90,Gómez-Quintero,0,OK,,,
91,Henao LLC,0,OK,"CRM,BILLING",,149000.0
92,MENA PLC,1,OK,"CRM,BILLING",,
93,"OSORIO, RODRÍGUEZ AND GARCÍA",1,OK,"CRM,BILLING",,349000.0
94,"Rentería, Vásquez and Palacio",1,OK,"CRM,BILLING",,349000.0
95,"Cortés, Osorio and Gómez",0,REBRANDING,"CRM,BILLING",,149000.0
96,"Vargas, López and Patiño",1,REBRANDING,"CRM,BILLING",,349000.0
97,Quiroz-Zambrano,1,REBRANDING,"CRM,BILLING",,149000.0
98,RODRÍGUEZ-GALVIS,1,OK,"CRM,BILLING,CONTRATO",,899000.0
99,Ocampo-Peña,1,OK,"CRM,BILLING",,149000.0
100,"Alvarado, Arrieta and Ortiz",1,OK,"CRM,BILLING",,149000.0
101,"González, Bohórquez and Andrade",1,OK,"CRM,BILLING",,349000.0
102,RAMÍREZ GROUP,1,OK,"CRM,BILLING",,349000.0
103,Suárez-Rosero,1,OK,"CRM,BILLING",,349000.0
104,TORRES LTD,0,OK,"CRM,BILLING",,149000.0
105,Castillo LLC,0,OK,,,
106,Parada LLC,1,OK,"CRM,BILLING",,899000.0
107,Bedoya-Castillo,0,OK,"CRM,BILLING",,149000.0
108,Díaz-Burgos,0,REBRANDING,"CRM,BILLING",,349000.0
109,Gómez-Hurtado,1,OK,"CRM,BILLING",,149000.0
110,PADILLA-ÁLVAREZ,1,OK,"CRM,BILLING",,349000.0
111,"BUSTAMANTE, GONZÁLEZ AND MALDONADO",1,OK,"CRM,BILLING,CONTRATO",,917240.0
112,Muñoz Ltd,0,REBRANDING,"CRM,BILLING",,149000.0
113,"Pacheco, Ballesteros and Daza",0,OK,"CRM,BILLING",,149000.0
114,MORALES INC,1,OK,"CRM,BILLING",,349000.0
115,"Cáceres, Trujillo and Vergara",1,OK,"CRM,BILLING",,349000.0
116,Pinzón LLC,0,OK,"CRM,BILLING",,149000.0
117,"Álvarez, Parra and Castillo",1,OK,"CRM,BILLING,CONTRATO",,349000.0
118,CORTÉS-RAMÍREZ,1,OK,"CRM,BILLING",,149000.0
119,"BALLESTEROS, BUITRAGO AND PABÓN",1,OK,"CRM,BILLING,CONTRATO",,349000.0
120,"JARAMILLO, PARRA AND PALACIO",0,OK,"CRM,BILLING",,149000.0
121,GUTIÉRREZ-OSORIO,1,OK,"CRM,BILLING",,349000.0
122,"CALDERÓN, RUIZ AND MARÍN",1,OK,"CRM,BILLING",,349000.0
123,"Rojas, Ortega and Galeano",1,OK,"CRM,BILLING",,349000.0
124,"Pérez, García and Molina",1,OK,"CRM,BILLING,CONTRATO",,349000.0
125,"BELTRÁN, LÓPEZ AND CANTILLO",1,OK,"CRM,BILLING,CONTRATO",,899000.0
126,Sandoval and Sons,1,OK,"CRM,BILLING",,349000.0
127,Sánchez Inc,1,OK,"CRM,BILLING,CONTRATO",,349000.0
128,Castrillón PLC,0,OK,"CRM,BILLING",,149000.0
129,Cárdenas Ltd,1,OK,"CRM,BILLING",,349000.0
130,"Ramírez, Benavides and Zapata",1,OK,"CRM,BILLING,CONTRATO",,899000.0
131,Sánchez Ltd,1,OK,"CRM,BILLING,CONTRATO",,915170.0
132,Galindo Inc,1,OK,"CRM,BILLING,CONTRATO",,929430.0
133,Torres-Cifuentes,0,OK,"CRM,BILLING",,349000.0
134,"Delgado, Martínez and Vargas",1,OK,"CRM,BILLING",,349000.0
135,Cruz Group,1,OK,"CRM,BILLING,CONTRATO",,349000.0
136,"CONTRERAS, VELÁSQUEZ AND RUIZ",1,OK,"CRM,BILLING",,349000.0
137,ÁVILA-PINZÓN,0,OK,"CRM,BILLING",,349000.0
138,"Osorio, Fajardo and Marín",1,OK,"CRM,BILLING",,149000.0
139,SARMIENTO GROUP,1,OK,"CRM,BILLING",,149000.0
140,Muñoz-Vargas,1,OK,"CRM,BILLING,CONTRATO",,899000.0
141,"CASTRO, CASTAÑO AND REYES",1,OK,"CRM,BILLING",,349000.0
142,Castro Inc,0,OK,"CRM,BILLING,CONTRATO",,349000.0
143,"Gutiérrez, Ortiz and Ruiz",1,OK,"CRM,BILLING",,349000.0
144,"García, Sánchez and Flórez",1,OK,"CRM,BILLING",,149000.0
145,Toro Inc,1,OK,"CRM,BILLING",,149000.0
146,Parra-Ríos,0,OK,"CRM,BILLING",,149000.0
147,MARTÍNEZ-ROA,1,OK,"CRM,BILLING",,149000.0
148,ESPITIA-OROZCO,1,OK,"CRM,BILLING",,149000.0
149,"Rodríguez, Rangel and Escobar",1,OK,"CRM,BILLING",,149000.0
150,Rodríguez-Romero,1,REBRANDING,"CRM,BILLING",,149000.0
151,Montoya-Galvis,1,OK,"CRM,BILLING",,149000.0
152,"BURBANO, REYES AND CASTRO",1,OK,"CRM,BILLING,CONTRATO",,349000.0
153,Gómez-Quintero,0,OK,,,
154,"Bautista, Vanegas and Villa",1,OK,"CRM,BILLING,CONTRATO",,899000.0
155,Puentes PLC,1,OK,"CRM,BILLING,CONTRATO",,899000.0
156,Fajardo PLC,1,OK,"CRM,BILLING",,149000.0
157,"VERGARA, GARCÍA AND OSORIO",1,REBRANDING,"CRM,BILLING",,349000.0
158,Rojas-Valencia,1,OK,"CRM,BILLING",,149000.0
159,Castro-Angarita,1,OK,"CRM,BILLING",,349000.0
160,Vargas-García,1,OK,"CRM,BILLING",,149000.0
161,ZAMBRANO INC,1,REBRANDING,"CRM,BILLING",,349000.0
162,"Gómez, Gómez and Vargas",1,OK,"CRM,BILLING",,149000.0
163,Trujillo and Sons,1,OK,"CRM,BILLING",,149000.0
164,Ortega Inc,0,OK,"CRM,BILLING,CONTRATO",,349000.0
165,"Erazo, Restrepo and Muñoz",0,OK,"CRM,BILLING",,349000.0
166,Pérez-Calderón,0,OK,"CRM,BILLING",,149000.0
167,"Pinzón, Castaño and Pérez",1,OK,"CRM,BILLING,CONTRATO",,901830.0
168,González-Rodríguez,0,OK,"CRM,BILLING",,
169,Escobar-Gamboa,1,OK,"CRM,BILLING,CONTRATO",,930120.0
170,Medina-Forero,1,OK,"CRM,BILLING",,349000.0
171,Vega Ltd,1,OK,"CRM,BILLING",,149000.0
172,López LLC,0,OK,"CRM,BILLING,CONTRATO",,349000.0
173,"Carvajal, González and Castrillón",1,OK,"CRM,BILLING",,149000.0
174,Romero Group,0,OK,"CRM,BILLING,CONTRATO",,349000.0
175,"ARIAS, MORA AND HERRERA",1,OK,"CRM,BILLING",,149000.0
176,Pinto-López,0,OK,"CRM,BILLING",,349000.0
177,ACEVEDO-SALCEDO,1,OK,"CRM,BILLING",,149000.0
178,"SÁNCHEZ, DÍAZ AND GUZMÁN",1,OK,"CRM,BILLING",,149000.0
179,"ORTIZ, MONTES AND MONTOYA",1,OK,"CRM,BILLING",,349000.0
180,Restrepo-Luna,1,OK,"CRM,BILLING",,149000.0
181,Mercado PLC,0,OK,CRM,,
182,Salcedo-Alfonso,0,OK,CRM,,
183,"Velasco, Fernández and Perdomo",0,OK,CRM,,
184,Castillo-Herrera,0,OK,CRM,,
185,Londoño-Murillo,0,OK,CRM,,
186,Mosquera Group,0,OK,CRM,,
187,"Vásquez, Agudelo and Guevara",0,OK,CRM,,
188,"Suárez, Angulo and Caicedo",0,OK,CRM,,
189,"Rodríguez, Camacho and Marín",0,OK,CRM,,
190,"Rodríguez, Martínez and Camacho",0,OK,CRM,,
191,Giraldo-Méndez,0,OK,CRM,,
192,"Torres, Cano and Bautista",0,OK,CRM,,
193,Espitia-Melo,0,OK,CRM,,
194,Gutiérrez Inc,0,OK,CRM,,
195,Caicedo-Díaz,0,OK,CRM,,
196,"Guevara, Morales and Torres",0,OK,CRM,,
197,Martínez LLC,0,OK,CRM,,
198,Rivera-Fajardo,0,OK,CRM,,
199,Gil-Acosta,0,OK,CRM,,
200,"Chacón, Gaviria and Pérez",0,OK,CRM,,
201,Acosta PLC,0,OK,CRM,,
202,Salazar LLC,0,OK,CRM,,
203,"Salazar, Morales and Castro",0,OK,CRM,,
204,"Duque, Martínez and Giraldo",0,OK,CRM,,
205,Ramírez-Páez,0,OK,CRM,,
206,Torres-Corredor,0,OK,CRM,,
207,González-Martínez,0,OK,CRM,,
208,"Carrillo, Chávez and Sierra",0,OK,CRM,,
209,"Castro, Torres and Escobar",0,OK,CRM,,
210,Díaz-Ortiz,0,OK,CRM,,
211,Ramírez-Vera,0,OK,CRM,,
212,Mosquera-Londoño,0,OK,CRM,,
213,"Arévalo, Quintero and Barrera",0,OK,CRM,,
214,"Bermúdez, García and Pérez",0,OK,CRM,,
215,Gómez LLC,0,OK,CRM,,
216,Muñoz-Suárez,0,OK,CRM,,
217,Vargas-Forero,0,OK,CRM,,
218,"Trujillo, Díaz and Rodríguez",0,OK,CRM,,
219,Benítez and Sons,0,OK,CRM,,
220,"Salamanca, Rubio and Sánchez",0,OK,CRM,,
221,"Páez, Ortega and Hurtado",0,OK,CRM,,
222,"Rivera, Vanegas and Vargas",0,OK,CRM,,
223,Guevara PLC,0,OK,CRM,,
224,"Martínez, Palacio and Hernández",0,OK,CRM,,
225,"Rico, Guerrero and Arias",0,OK,CRM,,
226,"López, Henao and Mosquera",0,OK,CRM,,
227,"Carmona, Muñoz and Burgos",0,OK,CRM,,
228,Mosquera-Hernández,0,OK,CRM,,
229,Guerrero-Salas,0,OK,CRM,,
230,Serna-Sánchez,0,OK,CRM,,
231,Castaño-Valencia,0,OK,CRM,,
232,"Martínez, Núñez and Carmona",0,OK,CRM,,
233,Pérez-Gutiérrez,0,OK,CRM,,
234,Sierra Group,0,OK,CRM,,
235,Triana-Hoyos,0,OK,CRM,,
236,Rivera Group  ,1,HUERFANO_O_AMBIGUO,BILLING,sin contraparte confiable en CRM (id_customer_stripe=cus_bb168636e9bdc6),349000.0
237,Castillo LLC,1,HUERFANO_O_AMBIGUO,BILLING,sin contraparte confiable en CRM (id_customer_stripe=cus_a52e1d11bc8985),349000.0
238,Gómez-Quintero,1,HUERFANO_O_AMBIGUO,BILLING,sin contraparte confiable en CRM (id_customer_stripe=cus_a2f6e01225b5fe),149000.0
239,Castillo LLC,1,HUERFANO_O_AMBIGUO,BILLING,sin contraparte confiable en CRM (id_customer_stripe=cus_57a2ff2ae7ac44),149000.0
240,Gómez-Quintero,1,HUERFANO_O_AMBIGUO,BILLING,sin contraparte confiable en CRM (id_customer_stripe=cus_5482dcec0ad0e2),149000.0
241,RIVERA  GROUP S.A.S.,0,HUERFANO_O_AMBIGUO,CONTRATO,sin contraparte confiable en CRM,
242,"LOA IZA , ESPINOSA  A ND SOLA NO S.A.S.",0,HUERFANO_O_AMBIGUO,CONTRATO,sin contraparte confiable en CRM,
243,"RA MÍREZ, ÁLVA REZ A ND BA RRA GÁN S.A.S.",0,HUERFANO_O_AMBIGUO,CONTRATO,sin contraparte confiable en CRM,
244,"TORRES, GA RCÍA  A ND BA RRERA S.A.S.",0,HUERFANO_O_AMBIGUO,CONTRATO,sin contraparte confiable en CRM,
245,CA STILLO LLC S.A.S.,0,HUERFANO_O_AMBIGUO,CONTRATO,sin contraparte confiable en CRM,
246,"SUÁREZ, RUIZ A ND ESPINOSA S.A.S.",0,HUERFANO_O_AMBIGUO,CONTRATO,sin contraparte confiable en CRM,
247,PA RA DA  LLC SAS,0,HUERFANO_O_AMBIGUO,CONTRATO,sin contraparte confiable en CRM,
