id_evento,fecha_evento,id_periodo,nombre_mes,anio,id_cliente,cliente,estado_calidad_cliente,canal_adquisicion,tipo_evento,plan,plan_anterior,moneda_origen,monto_mensual_cop,monto_anterior_cop
1,2024-04-08,202404,Abril,2024,1,"González, Villamizar and Vargas",OK,Pago-Meta,nueva_suscripcion,Starter,,COP,149000.0,
2,2024-05-06,202405,Mayo,2024,2,Galvis Ltd,OK,Organico,nueva_suscripcion,Pro,,COP,349000.0,
3,2024-06-03,202406,Junio,2024,2,Galvis Ltd,OK,Organico,upgrade,Business,Pro,COP,899000.0,349000.0
4,2024-04-25,202404,Abril,2024,3,López and Sons,REBRANDING,Organico,nueva_suscripcion,Starter,,COP,149000.0,
5,2024-11-24,202411,Noviembre,2024,3,López and Sons,REBRANDING,Organico,cancelacion,Starter,,COP,149000.0,
6,2024-03-14,202403,Marzo,2024,4,"Agudelo, Londoño and Becerra",OK,Pago-Google,nueva_suscripcion,Pro,,COP,349000.0,
7,2024-02-19,202402,Febrero,2024,5,"Vásquez, Torres and Fernández",OK,Pago-Meta,nueva_suscripcion,Business,,USD,906430.0,
8,2024-03-08,202403,Marzo,2024,5,"Vásquez, Torres and Fernández",OK,Pago-Meta,downgrade,Pro,Business,USD,354932.0,906430.0
9,2024-07-21,202407,Julio,2024,5,"Vásquez, Torres and Fernández",OK,Pago-Meta,cancelacion,Pro,,USD,359916.0,
10,2024-02-24,202402,Febrero,2024,7,"Salazar, Castro and Rojas",OK,Pago-Meta,nueva_suscripcion,Pro,,COP,349000.0,
11,2024-09-16,202409,Septiembre,2024,7,"Salazar, Castro and Rojas",OK,Pago-Meta,upgrade,Business,Pro,COP,899000.0,349000.0
12,2024-04-15,202404,Abril,2024,8,López-Rivera,OK,Partner,nueva_suscripcion,Starter,,COP,149000.0,
13,2024-01-07,202401,Enero,2024,9,SANABRIA-AGUDELO,OK,Pago-Meta,nueva_suscripcion,Business,,USD,915170.0,
14,2024-11-19,202411,Noviembre,2024,9,SANABRIA-AGUDELO,OK,Pago-Meta,cancelacion,Business,,USD,902060.0,
15,2024-02-24,202402,Febrero,2024,10,ARIZA PLC,OK,Pago-Google,nueva_suscripcion,Starter,,COP,149000.0,
16,2024-11-25,202411,Noviembre,2024,10,ARIZA PLC,OK,Pago-Google,upgrade,Pro,Starter,COP,349000.0,149000.0
17,2024-06-02,202406,Junio,2024,11,CARDOZO GROUP,OK,Referido,nueva_suscripcion,Starter,,COP,149000.0,
18,2024-11-09,202411,Noviembre,2024,11,CARDOZO GROUP,OK,Referido,cancelacion,Starter,,COP,149000.0,
19,2024-06-27,202406,Junio,2024,12,Caicedo Ltd,OK,Pago-Meta,nueva_suscripcion,Starter,,COP,149000.0,
20,2024-10-03,202410,Octubre,2024,12,Caicedo Ltd,OK,Pago-Meta,upgrade,Pro,Starter,COP,349000.0,149000.0
21,2024-09-24,202409,Septiembre,2024,13,"Rivas, Morales and Ramírez",OK,Pago-Meta,nueva_suscripcion,Pro,,COP,349000.0,
22,2024-08-07,202408,Agosto,2024,14,Gómez and Sons,OK,Referido,nueva_suscripcion,Pro,,COP,349000.0,
23,2024-03-09,202403,Marzo,2024,15,BUSTAMANTE-ORDÓÑEZ,OK,Outbound,nueva_suscripcion,Starter,,COP,149000.0,
24,2024-08-06,202408,Agosto,2024,17,"Palacio, Pérez and Mosquera",OK,Referido,nueva_suscripcion,Starter,,COP,149000.0,
25,2024-05-16,202405,Mayo,2024,18,"Ortiz, Cuesta and Jaimes",OK,Referido,nueva_suscripcion,Pro,,COP,349000.0,
26,2024-04-02,202404,Abril,2024,19,"ACEVEDO, LOZANO AND VARGAS",OK,Organico,nueva_suscripcion,Starter,,COP,149000.0,
27,2024-04-10,202404,Abril,2024,20,Rivera-Villamil,OK,Outbound,nueva_suscripcion,Pro,,COP,349000.0,
28,2024-09-21,202409,Septiembre,2024,21,"PACHECO, TORRES AND VALENCIA",OK,Organico,nueva_suscripcion,Pro,,COP,349000.0,
29,2024-05-25,202405,Mayo,2024,22,Torres Inc,OK,Pago-Google,nueva_suscripcion,Business,,COP,899000.0,
30,2024-06-13,202406,Junio,2024,22,Torres Inc,OK,Pago-Google,downgrade,Pro,Business,COP,349000.0,899000.0
31,2024-01-01,202401,Enero,2024,23,Castillo-Martínez,OK,Outbound,nueva_suscripcion,Pro,,COP,349000.0,
32,2024-01-06,202401,Enero,2024,24,Loaiza-Franco,REBRANDING,Pago-Meta,nueva_suscripcion,Starter,,COP,149000.0,
33,2024-09-22,202409,Septiembre,2024,24,Loaiza-Franco,REBRANDING,Pago-Meta,upgrade,Pro,Starter,COP,349000.0,149000.0
34,2024-11-25,202411,Noviembre,2024,24,Loaiza-Franco,REBRANDING,Pago-Meta,upgrade,Business,Pro,COP,899000.0,349000.0
35,2024-05-09,202405,Mayo,2024,25,"Londoño, Muñoz and Orozco",REBRANDING,Pago-Google,nueva_suscripcion,Pro,,COP,349000.0,
36,2024-06-17,202406,Junio,2024,25,"Londoño, Muñoz and Orozco",REBRANDING,Pago-Google,upgrade,Business,Pro,COP,899000.0,349000.0
37,2024-02-13,202402,Febrero,2024,26,"CASTILLO, TORRES AND BOLÍVAR",OK,Partner,nueva_suscripcion,Starter,,COP,149000.0,
38,2024-08-23,202408,Agosto,2024,26,"CASTILLO, TORRES AND BOLÍVAR",OK,Partner,cancelacion,Starter,,COP,149000.0,
39,2024-02-01,202402,Febrero,2024,27,"Rincón, Tovar and Prieto",OK,Referido,nueva_suscripcion,Starter,,COP,149000.0,
40,2024-03-16,202403,Marzo,2024,27,"Rincón, Tovar and Prieto",OK,Referido,upgrade,Pro,Starter,COP,349000.0,149000.0
41,2024-06-18,202406,Junio,2024,27,"Rincón, Tovar and Prieto",OK,Referido,upgrade,Business,Pro,COP,899000.0,349000.0
42,2024-06-18,202406,Junio,2024,28,Pineda Ltd,OK,Pago-Meta,nueva_suscripcion,Pro,,COP,349000.0,
43,2024-08-18,202408,Agosto,2024,28,Pineda Ltd,OK,Pago-Meta,upgrade,Business,Pro,COP,899000.0,349000.0
44,2024-03-13,202403,Marzo,2024,29,Hurtado-Flórez,OK,Organico,nueva_suscripcion,Starter,,COP,149000.0,
45,2024-05-06,202405,Mayo,2024,29,Hurtado-Flórez,OK,Organico,cancelacion,Starter,,COP,149000.0,
46,2024-04-19,202404,Abril,2024,30,"Orjuela, Contreras and Domínguez",OK,Pago-Google,nueva_suscripcion,Pro,,COP,349000.0,
47,2024-05-06,202405,Mayo,2024,30,"Orjuela, Contreras and Domínguez",OK,Pago-Google,upgrade,Business,Pro,COP,899000.0,349000.0
48,2024-09-01,202409,Septiembre,2024,30,"Orjuela, Contreras and Domínguez",OK,Pago-Google,downgrade,Pro,Business,COP,349000.0,899000.0
49,2024-09-21,202409,Septiembre,2024,31,Duarte Inc,OK,Pago-Meta,nueva_suscripcion,Pro,,COP,349000.0,
50,2024-01-06,202401,Enero,2024,32,"Loaiza, Espinosa and Solano",OK,Pago-Meta,nueva_suscripcion,Pro,,COP,349000.0,
51,2024-10-11,202410,Octubre,2024,32,"Loaiza, Espinosa and Solano",OK,Pago-Meta,upgrade,Business,Pro,COP,899000.0,349000.0
52,2024-06-22,202406,Junio,2024,33,González-Mejía,OK,Pago-Google,nueva_suscripcion,Pro,,COP,349000.0,
53,2024-12-13,202412,Diciembre,2024,33,González-Mejía,OK,Pago-Google,upgrade,Business,Pro,COP,899000.0,349000.0
54,2024-05-22,202405,Mayo,2024,34,RODRÍGUEZ-CAMARGO,OK,Outbound,nueva_suscripcion,Starter,,COP,149000.0,
55,2024-06-03,202406,Junio,2024,35,"Ortiz, Sierra and Díaz",OK,Pago-Google,nueva_suscripcion,Pro,,COP,349000.0,
56,2024-09-06,202409,Septiembre,2024,36,Polo LLC,OK,Organico,nueva_suscripcion,Starter,,COP,149000.0,
57,2024-01-21,202401,Enero,2024,37,"Palacios, Ramírez and Arias",OK,Pago-Meta,nueva_suscripcion,Starter,,COP,149000.0,
58,2024-11-15,202411,Noviembre,2024,37,"Palacios, Ramírez and Arias",OK,Pago-Meta,upgrade,Pro,Starter,COP,349000.0,149000.0
59,2024-09-04,202409,Septiembre,2024,38,Montoya PLC,OK,Referido,nueva_suscripcion,Pro,,COP,349000.0,
60,2024-03-25,202403,Marzo,2024,39,CARVAJAL GROUP,OK,Pago-Google,nueva_suscripcion,Starter,,COP,149000.0,
61,2024-04-25,202404,Abril,2024,40,González LLC,OK,Referido,nueva_suscripcion,Starter,,COP,149000.0,
62,2024-07-05,202407,Julio,2024,41,Moreno-Moreno,OK,Partner,nueva_suscripcion,Pro,,COP,349000.0,
63,2024-11-10,202411,Noviembre,2024,41,Moreno-Moreno,OK,Partner,downgrade,Starter,Pro,COP,149000.0,349000.0
64,2024-09-09,202409,Septiembre,2024,42,"ERAZO, GARCÍA AND REYES",OK,Referido,nueva_suscripcion,Starter,,COP,149000.0,
65,2024-11-07,202411,Noviembre,2024,42,"ERAZO, GARCÍA AND REYES",OK,Referido,cancelacion,Starter,,COP,149000.0,
66,2024-06-17,202406,Junio,2024,43,MANTILLA PLC,REBRANDING,Partner,nueva_suscripcion,Business,,USD,905050.0,
67,2024-03-22,202403,Marzo,2024,44,"Pérez, Silva and Calderón",OK,Outbound,nueva_suscripcion,Business,,USD,917240.0,
68,2024-03-14,202403,Marzo,2024,45,Oviedo Ltd,OK,Pago-Google,nueva_suscripcion,Starter,,COP,149000.0,
69,2024-06-13,202406,Junio,2024,45,Oviedo Ltd,OK,Pago-Google,upgrade,Pro,Starter,COP,349000.0,149000.0
70,2024-11-02,202411,Noviembre,2024,45,Oviedo Ltd,OK,Pago-Google,downgrade,Starter,Pro,COP,149000.0,349000.0
71,2024-03-22,202403,Marzo,2024,46,"Ramírez, Álvarez and Barragán",OK,Organico,nueva_suscripcion,Pro,,COP,349000.0,
72,2024-11-11,202411,Noviembre,2024,46,"Ramírez, Álvarez and Barragán",OK,Organico,upgrade,Business,Pro,COP,899000.0,349000.0
73,2024-12-26,202412,Diciembre,2024,46,"Ramírez, Álvarez and Barragán",OK,Organico,downgrade,Pro,Business,COP,349000.0,899000.0
74,2024-01-09,202401,Enero,2024,47,"ARIAS, MALDONADO AND CÁRDENAS",OK,Organico,nueva_suscripcion,Starter,,COP,149000.0,
75,2024-07-15,202407,Julio,2024,48,FERNÁNDEZ AND SONS,REBRANDING,Partner,nueva_suscripcion,Starter,,COP,149000.0,
76,2024-05-24,202405,Mayo,2024,49,"Torres, García and Barrera",OK,Organico,nueva_suscripcion,Business,,COP,899000.0,
77,2024-05-01,202405,Mayo,2024,50,Martínez Inc,OK,Pago-Meta,nueva_suscripcion,Pro,,COP,349000.0,
78,2024-08-01,202408,Agosto,2024,51,García-Moreno,OK,Pago-Google,nueva_suscripcion,Pro,,COP,349000.0,
79,2024-09-13,202409,Septiembre,2024,51,García-Moreno,OK,Pago-Google,upgrade,Business,Pro,COP,899000.0,349000.0
80,2024-10-16,202410,Octubre,2024,51,García-Moreno,OK,Pago-Google,downgrade,Pro,Business,COP,349000.0,899000.0
81,2024-03-07,202403,Marzo,2024,52,"REYES, MONTOYA AND VANEGAS",OK,Pago-Meta,nueva_suscripcion,Starter,,COP,149000.0,
82,2024-08-05,202408,Agosto,2024,53,"ESCOBAR, VARGAS AND ORTEGA",OK,Pago-Meta,nueva_suscripcion,Business,,USD,919080.0,
83,2024-10-26,202410,Octubre,2024,53,"ESCOBAR, VARGAS AND ORTEGA",OK,Pago-Meta,downgrade,Pro,Business,USD,354398.0,919080.0
84,2024-01-17,202401,Enero,2024,54,Ramírez-López,OK,Partner,nueva_suscripcion,Starter,,COP,149000.0,
85,2024-03-03,202403,Marzo,2024,54,Ramírez-López,OK,Partner,upgrade,Pro,Starter,COP,349000.0,149000.0
86,2024-09-26,202409,Septiembre,2024,54,Ramírez-López,OK,Partner,cancelacion,Pro,,COP,349000.0,
87,2024-09-24,202409,Septiembre,2024,55,Mosquera-Peña,OK,Pago-Meta,nueva_suscripcion,Starter,,COP,149000.0,
88,2024-01-09,202401,Enero,2024,56,"MARTÍNEZ, ARANGO AND JAIMES",OK,Referido,nueva_suscripcion,Pro,,COP,349000.0,
89,2024-06-09,202406,Junio,2024,56,"MARTÍNEZ, ARANGO AND JAIMES",OK,Referido,upgrade,Business,Pro,COP,899000.0,349000.0
90,2024-08-25,202408,Agosto,2024,58,VARGAS AND SONS,OK,Pago-Google,nueva_suscripcion,Starter,,COP,149000.0,
91,2024-03-08,202403,Marzo,2024,59,"Cardona, Salazar and Castro",OK,Pago-Google,nueva_suscripcion,Starter,,COP,149000.0,
92,2024-05-25,202405,Mayo,2024,59,"Cardona, Salazar and Castro",OK,Pago-Google,upgrade,Pro,Starter,COP,349000.0,149000.0
93,2024-07-20,202407,Julio,2024,59,"Cardona, Salazar and Castro",OK,Pago-Google,upgrade,Business,Pro,COP,899000.0,349000.0
94,2024-09-02,202409,Septiembre,2024,59,"Cardona, Salazar and Castro",OK,Pago-Google,downgrade,Pro,Business,COP,349000.0,899000.0
95,2024-10-20,202410,Octubre,2024,59,"Cardona, Salazar and Castro",OK,Pago-Google,cancelacion,Pro,,COP,349000.0,
96,2024-08-19,202408,Agosto,2024,60,Pulido Inc,OK,Outbound,nueva_suscripcion,Pro,,COP,349000.0,
97,2024-10-08,202410,Octubre,2024,60,Pulido Inc,OK,Outbound,cancelacion,Pro,,COP,349000.0,
98,2024-08-20,202408,Agosto,2024,61,Montes-Ordóñez,OK,Pago-Meta,nueva_suscripcion,Business,,COP,899000.0,
99,2024-07-11,202407,Julio,2024,62,Martínez PLC,OK,Referido,nueva_suscripcion,Business,,USD,930120.0,
100,2024-03-02,202403,Marzo,2024,63,Tamayo and Sons,OK,Pago-Meta,nueva_suscripcion,Starter,,COP,149000.0,
101,2024-08-25,202408,Agosto,2024,63,Tamayo and Sons,OK,Pago-Meta,upgrade,Pro,Starter,COP,349000.0,149000.0
102,2024-10-26,202410,Octubre,2024,63,Tamayo and Sons,OK,Pago-Meta,cancelacion,Pro,,COP,349000.0,
103,2024-05-26,202405,Mayo,2024,64,Parra Group,OK,Pago-Meta,nueva_suscripcion,Starter,,COP,149000.0,
104,2024-06-12,202406,Junio,2024,65,Rivera Group,OK,Outbound,nueva_suscripcion,Starter,,COP,149000.0,
105,2024-03-06,202403,Marzo,2024,66,Carmona-Serna,OK,Pago-Meta,nueva_suscripcion,Pro,,COP,349000.0,
106,2024-08-03,202408,Agosto,2024,67,Salazar-Yepes,OK,Pago-Google,nueva_suscripcion,Business,,COP,899000.0,
107,2024-05-21,202405,Mayo,2024,68,"DURÁN, REYES AND DÍAZ",OK,Referido,nueva_suscripcion,Starter,,COP,149000.0,
108,2024-12-10,202412,Diciembre,2024,68,"DURÁN, REYES AND DÍAZ",OK,Referido,cancelacion,Starter,,COP,149000.0,
109,2024-08-08,202408,Agosto,2024,69,Tamayo PLC,OK,Referido,nueva_suscripcion,Pro,,COP,349000.0,
110,2024-01-12,202401,Enero,2024,70,"Ríos, Cano and Martínez",OK,Referido,nueva_suscripcion,Starter,,COP,149000.0,
111,2024-01-26,202401,Enero,2024,71,"Acosta, Villegas and Contreras",OK,Outbound,nueva_suscripcion,Starter,,COP,149000.0,
112,2024-04-26,202404,Abril,2024,71,"Acosta, Villegas and Contreras",OK,Outbound,cancelacion,Starter,,COP,149000.0,
113,2024-09-06,202409,Septiembre,2024,72,Salamanca Inc,OK,Pago-Meta,nueva_suscripcion,Business,,COP,899000.0,
114,2024-09-01,202409,Septiembre,2024,73,García Inc,OK,Referido,nueva_suscripcion,Starter,,COP,149000.0,
115,2024-09-14,202409,Septiembre,2024,74,"Prieto, Parra and Ibarra",OK,Organico,nueva_suscripcion,Pro,,COP,349000.0,
116,2024-07-07,202407,Julio,2024,75,"Vargas, Hurtado and Beltrán",REBRANDING,Pago-Google,nueva_suscripcion,Starter,,COP,149000.0,
117,2024-05-23,202405,Mayo,2024,76,"Álvarez, Ortiz and Hernández",REBRANDING,Partner,nueva_suscripcion,Starter,,COP,149000.0,
118,2024-06-12,202406,Junio,2024,77,"Suárez, Ruiz and Espinosa",OK,Organico,nueva_suscripcion,Pro,,COP,349000.0,
119,2024-10-05,202410,Octubre,2024,77,"Suárez, Ruiz and Espinosa",OK,Organico,downgrade,Starter,Pro,COP,149000.0,349000.0
120,2024-07-03,202407,Julio,2024,78,Rodríguez PLC,OK,Organico,nueva_suscripcion,Pro,,COP,349000.0,
121,2024-11-14,202411,Noviembre,2024,78,Rodríguez PLC,OK,Organico,upgrade,Business,Pro,COP,899000.0,349000.0
122,2024-07-27,202407,Julio,2024,79,"ORJUELA, GARCÍA AND ROJAS",OK,Organico,nueva_suscripcion,Pro,,COP,349000.0,
123,2024-09-13,202409,Septiembre,2024,80,HERNÁNDEZ-ROMERO,OK,Partner,nueva_suscripcion,Starter,,COP,149000.0,
124,2024-06-22,202406,Junio,2024,81,Cuéllar LLC,OK,Organico,nueva_suscripcion,Starter,,COP,149000.0,
125,2024-07-27,202407,Julio,2024,81,Cuéllar LLC,OK,Organico,cancelacion,Starter,,COP,149000.0,
126,2024-01-10,202401,Enero,2024,82,Sánchez-Palacio,OK,Referido,nueva_suscripcion,Starter,,COP,149000.0,
127,2024-08-16,202408,Agosto,2024,83,"Rodríguez, Ayala and Suárez",REBRANDING,Pago-Google,nueva_suscripcion,Starter,,COP,149000.0,
128,2024-09-27,202409,Septiembre,2024,84,"López, Monsalve and Ortiz",OK,Referido,nueva_suscripcion,Pro,,COP,349000.0,
129,2024-03-16,202403,Marzo,2024,85,Villamizar and Sons,OK,Partner,nueva_suscripcion,Starter,,COP,149000.0,
130,2024-04-24,202404,Abril,2024,86,Castro-Rojas,OK,Pago-Meta,nueva_suscripcion,Starter,,COP,149000.0,
131,2024-04-15,202404,Abril,2024,87,Ramírez-Acevedo,OK,Partner,nueva_suscripcion,Pro,,COP,349000.0,
132,2024-06-03,202406,Junio,2024,87,Ramírez-Acevedo,OK,Partner,upgrade,Business,Pro,COP,899000.0,349000.0
133,2024-02-25,202402,Febrero,2024,88,Mora-Vargas,OK,Referido,nueva_suscripcion,Starter,,COP,149000.0,
134,2024-12-19,202412,Diciembre,2024,88,Mora-Vargas,OK,Referido,upgrade,Pro,Starter,COP,349000.0,149000.0
135,2024-08-20,202408,Agosto,2024,89,López Group,OK,Organico,nueva_suscripcion,Pro,,COP,349000.0,
136,2024-05-19,202405,Mayo,2024,91,Henao LLC,OK,Referido,nueva_suscripcion,Starter,,COP,149000.0,
137,2024-06-22,202406,Junio,2024,91,Henao LLC,OK,Referido,upgrade,Pro,Starter,COP,349000.0,149000.0
138,2024-07-25,202407,Julio,2024,91,Henao LLC,OK,Referido,downgrade,Starter,Pro,COP,149000.0,349000.0
139,2024-08-18,202408,Agosto,2024,91,Henao LLC,OK,Referido,cancelacion,Starter,,COP,149000.0,
140,2024-08-09,202408,Agosto,2024,92,MENA PLC,OK,Organico,upgrade,Pro,,COP,349000.0,
141,2024-09-22,202409,Septiembre,2024,93,"OSORIO, RODRÍGUEZ AND GARCÍA",OK,Pago-Meta,nueva_suscripcion,Pro,,COP,349000.0,
142,2024-12-04,202412,Diciembre,2024,93,"OSORIO, RODRÍGUEZ AND GARCÍA",OK,Pago-Meta,upgrade,Business,Pro,COP,899000.0,349000.0
143,2024-05-18,202405,Mayo,2024,94,"Rentería, Vásquez and Palacio",OK,Organico,nueva_suscripcion,Pro,,COP,349000.0,
144,2024-07-20,202407,Julio,2024,95,"Cortés, Osorio and Gómez",REBRANDING,Referido,nueva_suscripcion,Starter,,COP,149000.0,
145,2024-10-15,202410,Octubre,2024,95,"Cortés, Osorio and Gómez",REBRANDING,Referido,cancelacion,Starter,,COP,149000.0,
146,2024-01-03,202401,Enero,2024,96,"Vargas, López and Patiño",REBRANDING,Pago-Google,nueva_suscripcion,Pro,,COP,349000.0,
147,2024-09-02,202409,Septiembre,2024,97,Quiroz-Zambrano,REBRANDING,Pago-Meta,nueva_suscripcion,Starter,,COP,149000.0,
148,2024-03-26,202403,Marzo,2024,98,RODRÍGUEZ-GALVIS,OK,Pago-Google,nueva_suscripcion,Business,,COP,899000.0,
149,2024-02-20,202402,Febrero,2024,99,Ocampo-Peña,OK,Pago-Google,nueva_suscripcion,Starter,,COP,149000.0,
150,2024-03-17,202403,Marzo,2024,99,Ocampo-Peña,OK,Pago-Google,cancelacion,Starter,,COP,149000.0,
151,2024-06-16,202406,Junio,2024,99,Ocampo-Peña,OK,Pago-Google,reactivacion,Starter,,COP,149000.0,
152,2024-03-27,202403,Marzo,2024,100,"Alvarado, Arrieta and Ortiz",OK,Organico,nueva_suscripcion,Starter,,COP,149000.0,
153,2024-03-24,202403,Marzo,2024,101,"González, Bohórquez and Andrade",OK,Organico,nueva_suscripcion,Pro,,COP,349000.0,
154,2024-07-19,202407,Julio,2024,101,"González, Bohórquez and Andrade",OK,Organico,upgrade,Business,Pro,COP,899000.0,349000.0
155,2024-09-15,202409,Septiembre,2024,101,"González, Bohórquez and Andrade",OK,Organico,downgrade,Pro,Business,COP,349000.0,899000.0
156,2024-04-21,202404,Abril,2024,102,RAMÍREZ GROUP,OK,Organico,nueva_suscripcion,Pro,,COP,349000.0,
157,2024-08-23,202408,Agosto,2024,103,Suárez-Rosero,OK,Organico,nueva_suscripcion,Pro,,COP,349000.0,
158,2024-01-19,202401,Enero,2024,104,TORRES LTD,OK,Partner,nueva_suscripcion,Starter,,COP,149000.0,
159,2024-06-07,202406,Junio,2024,104,TORRES LTD,OK,Partner,cancelacion,Starter,,COP,149000.0,
160,2024-05-08,202405,Mayo,2024,106,Parada LLC,OK,Pago-Meta,nueva_suscripcion,Business,,COP,899000.0,
161,2024-02-11,202402,Febrero,2024,107,Bedoya-Castillo,OK,Pago-Google,nueva_suscripcion,Starter,,COP,149000.0,
162,2024-10-24,202410,Octubre,2024,107,Bedoya-Castillo,OK,Pago-Google,cancelacion,Starter,,COP,149000.0,
163,2024-08-13,202408,Agosto,2024,108,Díaz-Burgos,REBRANDING,Pago-Google,nueva_suscripcion,Pro,,COP,349000.0,
164,2024-11-18,202411,Noviembre,2024,108,Díaz-Burgos,REBRANDING,Pago-Google,cancelacion,Pro,,COP,349000.0,
165,2024-09-23,202409,Septiembre,2024,109,Gómez-Hurtado,OK,Pago-Meta,nueva_suscripcion,Starter,,COP,149000.0,
166,2024-07-14,202407,Julio,2024,110,PADILLA-ÁLVAREZ,OK,Organico,nueva_suscripcion,Pro,,COP,349000.0,
167,2024-03-08,202403,Marzo,2024,111,"BUSTAMANTE, GONZÁLEZ AND MALDONADO",OK,Referido,nueva_suscripcion,Business,,USD,917240.0,
168,2024-04-12,202404,Abril,2024,111,"BUSTAMANTE, GONZÁLEZ AND MALDONADO",OK,Referido,downgrade,Pro,Business,USD,359649.0,917240.0
169,2024-08-17,202408,Agosto,2024,111,"BUSTAMANTE, GONZÁLEZ AND MALDONADO",OK,Referido,upgrade,Business,Pro,USD,919080.0,359649.0
170,2024-01-23,202401,Enero,2024,112,Muñoz Ltd,REBRANDING,Referido,nueva_suscripcion,Starter,,COP,149000.0,
171,2024-05-09,202405,Mayo,2024,112,Muñoz Ltd,REBRANDING,Referido,cancelacion,Starter,,COP,149000.0,
172,2024-01-12,202401,Enero,2024,113,"Pacheco, Ballesteros and Daza",OK,Outbound,nueva_suscripcion,Starter,,COP,149000.0,
173,2024-11-15,202411,Noviembre,2024,113,"Pacheco, Ballesteros and Daza",OK,Outbound,cancelacion,Starter,,COP,149000.0,
174,2024-08-09,202408,Agosto,2024,114,MORALES INC,OK,Partner,nueva_suscripcion,Pro,,COP,349000.0,
175,2024-02-13,202402,Febrero,2024,115,"Cáceres, Trujillo and Vergara",OK,Referido,nueva_suscripcion,Pro,,COP,349000.0,
176,2024-09-12,202409,Septiembre,2024,115,"Cáceres, Trujillo and Vergara",OK,Referido,downgrade,Starter,Pro,COP,149000.0,349000.0
177,2024-02-16,202402,Febrero,2024,116,Pinzón LLC,OK,Referido,nueva_suscripcion,Starter,,COP,149000.0,
178,2024-06-04,202406,Junio,2024,116,Pinzón LLC,OK,Referido,cancelacion,Starter,,COP,149000.0,
179,2024-05-13,202405,Mayo,2024,117,"Álvarez, Parra and Castillo",OK,Pago-Google,nueva_suscripcion,Pro,,COP,349000.0,
180,2024-03-25,202403,Marzo,2024,118,CORTÉS-RAMÍREZ,OK,Referido,nueva_suscripcion,Starter,,COP,149000.0,
181,2024-04-07,202404,Abril,2024,119,"BALLESTEROS, BUITRAGO AND PABÓN",OK,Organico,nueva_suscripcion,Pro,,COP,349000.0,
182,2024-08-27,202408,Agosto,2024,119,"BALLESTEROS, BUITRAGO AND PABÓN",OK,Organico,upgrade,Business,Pro,COP,899000.0,349000.0
183,2024-09-03,202409,Septiembre,2024,120,"JARAMILLO, PARRA AND PALACIO",OK,Pago-Google,nueva_suscripcion,Starter,,COP,149000.0,
184,2024-12-02,202412,Diciembre,2024,120,"JARAMILLO, PARRA AND PALACIO",OK,Pago-Google,cancelacion,Starter,,COP,149000.0,
185,2024-01-23,202401,Enero,2024,121,GUTIÉRREZ-OSORIO,OK,Outbound,nueva_suscripcion,Pro,,COP,349000.0,
186,2024-07-03,202407,Julio,2024,122,"CALDERÓN, RUIZ AND MARÍN",OK,Pago-Meta,nueva_suscripcion,Pro,,COP,349000.0,
187,2024-08-12,202408,Agosto,2024,122,"CALDERÓN, RUIZ AND MARÍN",OK,Pago-Meta,upgrade,Business,Pro,COP,899000.0,349000.0
188,2024-05-20,202405,Mayo,2024,123,"Rojas, Ortega and Galeano",OK,Pago-Meta,nueva_suscripcion,Pro,,COP,349000.0,
189,2024-10-21,202410,Octubre,2024,123,"Rojas, Ortega and Galeano",OK,Pago-Meta,upgrade,Business,Pro,COP,899000.0,349000.0
190,2024-12-22,202412,Diciembre,2024,123,"Rojas, Ortega and Galeano",OK,Pago-Meta,downgrade,Pro,Business,COP,349000.0,899000.0
191,2024-05-17,202405,Mayo,2024,124,"Pérez, García and Molina",OK,Pago-Google,nueva_suscripcion,Pro,,COP,349000.0,
192,2024-06-22,202406,Junio,2024,124,"Pérez, García and Molina",OK,Pago-Google,downgrade,Starter,Pro,COP,149000.0,349000.0
193,2024-05-24,202405,Mayo,2024,125,"BELTRÁN, LÓPEZ AND CANTILLO",OK,Pago-Google,nueva_suscripcion,Business,,COP,899000.0,
194,2024-11-13,202411,Noviembre,2024,125,"BELTRÁN, LÓPEZ AND CANTILLO",OK,Pago-Google,downgrade,Pro,Business,COP,349000.0,899000.0
195,2024-07-15,202407,Julio,2024,126,Sandoval and Sons,OK,Pago-Meta,nueva_suscripcion,Pro,,COP,349000.0,
196,2024-07-25,202407,Julio,2024,127,Sánchez Inc,OK,Pago-Google,nueva_suscripcion,Pro,,COP,349000.0,
197,2024-01-17,202401,Enero,2024,128,Castrillón PLC,OK,Pago-Google,nueva_suscripcion,Starter,,COP,149000.0,
198,2024-10-18,202410,Octubre,2024,128,Castrillón PLC,OK,Pago-Google,cancelacion,Starter,,COP,149000.0,
199,2024-03-21,202403,Marzo,2024,129,Cárdenas Ltd,OK,Pago-Meta,nueva_suscripcion,Pro,,COP,349000.0,
200,2024-03-19,202403,Marzo,2024,130,"Ramírez, Benavides and Zapata",OK,Pago-Google,nueva_suscripcion,Business,,COP,899000.0,
201,2024-12-10,202412,Diciembre,2024,130,"Ramírez, Benavides and Zapata",OK,Pago-Google,downgrade,Pro,Business,COP,349000.0,899000.0
202,2024-01-01,202401,Enero,2024,131,Sánchez Ltd,OK,Organico,nueva_suscripcion,Business,,USD,915170.0,
203,2024-11-15,202411,Noviembre,2024,131,Sánchez Ltd,OK,Organico,downgrade,Pro,Business,USD,349058.0,915170.0
204,2024-04-09,202404,Abril,2024,132,Galindo Inc,OK,Pago-Meta,nueva_suscripcion,Business,,USD,929430.0,
205,2024-02-25,202402,Febrero,2024,133,Torres-Cifuentes,OK,Organico,nueva_suscripcion,Pro,,COP,349000.0,
206,2024-07-12,202407,Julio,2024,133,Torres-Cifuentes,OK,Organico,cancelacion,Pro,,COP,349000.0,
207,2024-07-11,202407,Julio,2024,134,"Delgado, Martínez and Vargas",OK,Partner,nueva_suscripcion,Pro,,COP,349000.0,
208,2024-03-26,202403,Marzo,2024,135,Cruz Group,OK,Pago-Meta,nueva_suscripcion,Pro,,COP,349000.0,
209,2024-09-23,202409,Septiembre,2024,135,Cruz Group,OK,Pago-Meta,downgrade,Starter,Pro,COP,149000.0,349000.0
210,2024-04-13,202404,Abril,2024,136,"CONTRERAS, VELÁSQUEZ AND RUIZ",OK,Outbound,nueva_suscripcion,Pro,,COP,349000.0,
211,2024-03-03,202403,Marzo,2024,137,ÁVILA-PINZÓN,OK,Pago-Meta,nueva_suscripcion,Pro,,COP,349000.0,
212,2024-07-21,202407,Julio,2024,137,ÁVILA-PINZÓN,OK,Pago-Meta,cancelacion,Pro,,COP,349000.0,
213,2024-07-27,202407,Julio,2024,138,"Osorio, Fajardo and Marín",OK,Pago-Meta,nueva_suscripcion,Starter,,COP,149000.0,
214,2024-04-02,202404,Abril,2024,139,SARMIENTO GROUP,OK,Organico,nueva_suscripcion,Starter,,COP,149000.0,
215,2024-06-22,202406,Junio,2024,140,Muñoz-Vargas,OK,Organico,nueva_suscripcion,Business,,COP,899000.0,
216,2024-04-20,202404,Abril,2024,141,"CASTRO, CASTAÑO AND REYES",OK,Outbound,nueva_suscripcion,Pro,,COP,349000.0,
217,2024-05-04,202405,Mayo,2024,141,"CASTRO, CASTAÑO AND REYES",OK,Outbound,downgrade,Starter,Pro,COP,149000.0,349000.0
218,2024-02-03,202402,Febrero,2024,142,Castro Inc,OK,Organico,nueva_suscripcion,Pro,,COP,349000.0,
219,2024-06-01,202406,Junio,2024,142,Castro Inc,OK,Organico,downgrade,Starter,Pro,COP,149000.0,349000.0
220,2024-11-01,202411,Noviembre,2024,142,Castro Inc,OK,Organico,cancelacion,Starter,,COP,149000.0,
221,2024-05-04,202405,Mayo,2024,143,"Gutiérrez, Ortiz and Ruiz",OK,Pago-Meta,nueva_suscripcion,Pro,,COP,349000.0,
222,2024-08-24,202408,Agosto,2024,144,"García, Sánchez and Flórez",OK,Referido,nueva_suscripcion,Starter,,COP,149000.0,
223,2024-08-25,202408,Agosto,2024,145,Toro Inc,OK,Pago-Google,nueva_suscripcion,Starter,,COP,149000.0,
224,2024-02-22,202402,Febrero,2024,146,Parra-Ríos,OK,Pago-Meta,nueva_suscripcion,Starter,,COP,149000.0,
225,2024-03-08,202403,Marzo,2024,146,Parra-Ríos,OK,Pago-Meta,upgrade,Pro,Starter,COP,349000.0,149000.0
226,2024-11-05,202411,Noviembre,2024,146,Parra-Ríos,OK,Pago-Meta,cancelacion,Pro,,COP,349000.0,
227,2024-05-03,202405,Mayo,2024,147,MARTÍNEZ-ROA,OK,Referido,nueva_suscripcion,Starter,,COP,149000.0,
228,2024-04-02,202404,Abril,2024,148,ESPITIA-OROZCO,OK,Pago-Meta,nueva_suscripcion,Starter,,COP,149000.0,
229,2024-06-12,202406,Junio,2024,148,ESPITIA-OROZCO,OK,Pago-Meta,upgrade,Pro,Starter,COP,349000.0,149000.0
230,2024-03-01,202403,Marzo,2024,149,"Rodríguez, Rangel and Escobar",OK,Organico,nueva_suscripcion,Starter,,COP,149000.0,
231,2024-08-03,202408,Agosto,2024,149,"Rodríguez, Rangel and Escobar",OK,Organico,upgrade,Pro,Starter,COP,349000.0,149000.0
232,2024-08-22,202408,Agosto,2024,150,Rodríguez-Romero,REBRANDING,Pago-Google,nueva_suscripcion,Starter,,COP,149000.0,
233,2024-09-15,202409,Septiembre,2024,151,Montoya-Galvis,OK,Organico,nueva_suscripcion,Starter,,COP,149000.0,
234,2024-07-25,202407,Julio,2024,152,"BURBANO, REYES AND CASTRO",OK,Organico,nueva_suscripcion,Pro,,COP,349000.0,
235,2024-11-05,202411,Noviembre,2024,152,"BURBANO, REYES AND CASTRO",OK,Organico,upgrade,Business,Pro,COP,899000.0,349000.0
236,2024-03-22,202403,Marzo,2024,154,"Bautista, Vanegas and Villa",OK,Organico,nueva_suscripcion,Business,,COP,899000.0,
237,2024-08-08,202408,Agosto,2024,154,"Bautista, Vanegas and Villa",OK,Organico,downgrade,Pro,Business,COP,349000.0,899000.0
238,2024-01-23,202401,Enero,2024,155,Puentes PLC,OK,Pago-Meta,nueva_suscripcion,Business,,COP,899000.0,
239,2024-11-26,202411,Noviembre,2024,155,Puentes PLC,OK,Pago-Meta,downgrade,Pro,Business,COP,349000.0,899000.0
240,2024-12-24,202412,Diciembre,2024,155,Puentes PLC,OK,Pago-Meta,upgrade,Business,Pro,COP,899000.0,349000.0
241,2024-05-27,202405,Mayo,2024,156,Fajardo PLC,OK,Outbound,nueva_suscripcion,Starter,,COP,149000.0,
242,2024-01-11,202401,Enero,2024,157,"VERGARA, GARCÍA AND OSORIO",REBRANDING,Pago-Meta,nueva_suscripcion,Pro,,COP,349000.0,
243,2024-10-27,202410,Octubre,2024,157,"VERGARA, GARCÍA AND OSORIO",REBRANDING,Pago-Meta,upgrade,Business,Pro,COP,899000.0,349000.0
244,2024-05-26,202405,Mayo,2024,158,Rojas-Valencia,OK,Referido,nueva_suscripcion,Starter,,COP,149000.0,
245,2024-06-24,202406,Junio,2024,159,Castro-Angarita,OK,Pago-Google,nueva_suscripcion,Pro,,COP,349000.0,
246,2024-07-12,202407,Julio,2024,160,Vargas-García,OK,Pago-Google,nueva_suscripcion,Starter,,COP,149000.0,
247,2024-01-01,202401,Enero,2024,161,ZAMBRANO INC,REBRANDING,Organico,nueva_suscripcion,Pro,,COP,349000.0,
248,2024-07-21,202407,Julio,2024,162,"Gómez, Gómez and Vargas",OK,Pago-Google,nueva_suscripcion,Starter,,COP,149000.0,
249,2024-01-16,202401,Enero,2024,163,Trujillo and Sons,OK,Partner,nueva_suscripcion,Starter,,COP,149000.0,
250,2024-08-17,202408,Agosto,2024,163,Trujillo and Sons,OK,Partner,upgrade,Pro,Starter,COP,349000.0,149000.0
251,2024-01-16,202401,Enero,2024,164,Ortega Inc,OK,Organico,nueva_suscripcion,Pro,,COP,349000.0,
252,2024-02-14,202402,Febrero,2024,164,Ortega Inc,OK,Organico,upgrade,Business,Pro,COP,899000.0,349000.0
253,2024-03-15,202403,Marzo,2024,164,Ortega Inc,OK,Organico,downgrade,Pro,Business,COP,349000.0,899000.0
254,2024-04-17,202404,Abril,2024,164,Ortega Inc,OK,Organico,cancelacion,Pro,,COP,349000.0,
255,2024-02-05,202402,Febrero,2024,165,"Erazo, Restrepo and Muñoz",OK,Pago-Google,nueva_suscripcion,Pro,,COP,349000.0,
256,2024-11-25,202411,Noviembre,2024,165,"Erazo, Restrepo and Muñoz",OK,Pago-Google,cancelacion,Pro,,COP,349000.0,
257,2024-02-06,202402,Febrero,2024,166,Pérez-Calderón,OK,Outbound,nueva_suscripcion,Starter,,COP,149000.0,
258,2024-11-18,202411,Noviembre,2024,166,Pérez-Calderón,OK,Outbound,cancelacion,Starter,,COP,149000.0,
259,2024-09-07,202409,Septiembre,2024,167,"Pinzón, Castaño and Pérez",OK,Referido,nueva_suscripcion,Business,,USD,901830.0,
260,2024-07-20,202407,Julio,2024,169,Escobar-Gamboa,OK,Pago-Meta,nueva_suscripcion,Business,,USD,930120.0,
261,2024-07-08,202407,Julio,2024,170,Medina-Forero,OK,Referido,nueva_suscripcion,Pro,,COP,349000.0,
262,2024-12-07,202412,Diciembre,2024,170,Medina-Forero,OK,Referido,upgrade,Business,Pro,COP,899000.0,349000.0
263,2024-06-13,202406,Junio,2024,171,Vega Ltd,OK,Organico,nueva_suscripcion,Starter,,COP,149000.0,
264,2024-05-15,202405,Mayo,2024,172,López LLC,OK,Pago-Google,nueva_suscripcion,Pro,,COP,349000.0,
265,2024-11-27,202411,Noviembre,2024,172,López LLC,OK,Pago-Google,cancelacion,Pro,,COP,349000.0,
266,2024-09-26,202409,Septiembre,2024,173,"Carvajal, González and Castrillón",OK,Referido,nueva_suscripcion,Starter,,COP,149000.0,
267,2024-05-22,202405,Mayo,2024,174,Romero Group,OK,Referido,nueva_suscripcion,Pro,,COP,349000.0,
268,2024-09-09,202409,Septiembre,2024,174,Romero Group,OK,Referido,cancelacion,Pro,,COP,349000.0,
269,2024-02-12,202402,Febrero,2024,175,"ARIAS, MORA AND HERRERA",OK,Referido,nueva_suscripcion,Starter,,COP,149000.0,
270,2024-03-03,202403,Marzo,2024,176,Pinto-López,OK,Pago-Google,nueva_suscripcion,Pro,,COP,349000.0,
271,2024-04-18,202404,Abril,2024,176,Pinto-López,OK,Pago-Google,cancelacion,Pro,,COP,349000.0,
272,2024-01-11,202401,Enero,2024,177,ACEVEDO-SALCEDO,OK,Referido,nueva_suscripcion,Starter,,COP,149000.0,
273,2024-04-06,202404,Abril,2024,177,ACEVEDO-SALCEDO,OK,Referido,upgrade,Pro,Starter,COP,349000.0,149000.0
274,2024-01-23,202401,Enero,2024,178,"SÁNCHEZ, DÍAZ AND GUZMÁN",OK,Organico,nueva_suscripcion,Starter,,COP,149000.0,
275,2024-10-15,202410,Octubre,2024,178,"SÁNCHEZ, DÍAZ AND GUZMÁN",OK,Organico,upgrade,Pro,Starter,COP,349000.0,149000.0
276,2024-09-20,202409,Septiembre,2024,179,"ORTIZ, MONTES AND MONTOYA",OK,Outbound,nueva_suscripcion,Pro,,COP,349000.0,
277,2024-08-10,202408,Agosto,2024,180,Restrepo-Luna,OK,Pago-Google,nueva_suscripcion,Starter,,COP,149000.0,
278,2024-09-15,202409,Septiembre,2024,236,Rivera Group  ,HUERFANO_O_AMBIGUO,,nueva_suscripcion,Pro,,COP,349000.0,
279,2024-01-09,202401,Enero,2024,237,Castillo LLC,HUERFANO_O_AMBIGUO,,nueva_suscripcion,Pro,,COP,349000.0,
280,2024-01-02,202401,Enero,2024,238,Gómez-Quintero,HUERFANO_O_AMBIGUO,,nueva_suscripcion,Starter,,COP,149000.0,
281,2024-09-06,202409,Septiembre,2024,239,Castillo LLC,HUERFANO_O_AMBIGUO,,nueva_suscripcion,Starter,,COP,149000.0,
282,2024-12-15,202412,Diciembre,2024,239,Castillo LLC,HUERFANO_O_AMBIGUO,,upgrade,Pro,Starter,COP,349000.0,149000.0
283,2024-01-23,202401,Enero,2024,240,Gómez-Quintero,HUERFANO_O_AMBIGUO,,nueva_suscripcion,Starter,,COP,149000.0,
