id_periodo_cohorte,mes_cohorte,id_periodo,meses_desde_alta,clientes_en_cohorte,mrr_inicial_cohorte,mrr_retenido_cop,pct_retencion
202401,Enero,202401,0,28,8254340.0,8254340.0,100.0
202401,Enero,202402,1,28,8254340.0,8804340.0,106.7
202401,Enero,202403,2,28,8254340.0,8454340.0,102.4
202401,Enero,202404,3,28,8254340.0,8156340.0,98.8
202401,Enero,202405,4,28,8254340.0,8007340.0,97.0
202401,Enero,202406,5,28,8254340.0,8408340.0,101.9
202401,Enero,202407,6,28,8254340.0,8408340.0,101.9
202401,Enero,202408,7,28,8254340.0,8608340.0,104.3
202401,Enero,202409,8,28,8254340.0,8459340.0,102.5
202401,Enero,202410,9,28,8254340.0,9610340.0,116.4
202401,Enero,202411,10,28,8254340.0,8180058.0,99.1
202401,Enero,202412,11,28,8254340.0,8730058.0,105.8
202402,Febrero,202402,0,16,4141430.0,4141430.0,100.0
202402,Febrero,202403,1,16,4141430.0,3840932.0,92.7
202402,Febrero,202404,2,16,4141430.0,3840932.0,92.7
202402,Febrero,202405,3,16,4141430.0,3840932.0,92.7
202402,Febrero,202406,4,16,4141430.0,4190932.0,101.2
202402,Febrero,202407,5,16,4141430.0,3487000.0,84.2
202402,Febrero,202408,6,16,4141430.0,3338000.0,80.6
202402,Febrero,202409,7,16,4141430.0,3688000.0,89.1
202402,Febrero,202410,8,16,4141430.0,3539000.0,85.5
202402,Febrero,202411,9,16,4141430.0,2743000.0,66.2
202402,Febrero,202412,10,16,4141430.0,2943000.0,71.1
202403,Marzo,202403,0,24,8962480.0,8962480.0,100.0
202403,Marzo,202404,1,24,8962480.0,8055889.0,89.9
202403,Marzo,202405,2,24,8962480.0,8106889.0,90.5
202403,Marzo,202406,3,24,8962480.0,8306889.0,92.7
202403,Marzo,202407,4,24,8962480.0,9057889.0,101.1
202403,Marzo,202408,5,24,8962480.0,9467320.0,105.6
202403,Marzo,202409,6,24,8962480.0,8167320.0,91.1
202403,Marzo,202410,7,24,8962480.0,7469320.0,83.3
202403,Marzo,202411,8,24,8962480.0,7819320.0,87.2
202403,Marzo,202412,9,24,8962480.0,6719320.0,75.0
202404,Abril,202404,0,16,4564430.0,4564430.0,100.0
202404,Abril,202405,1,16,4564430.0,4914430.0,107.7
202404,Abril,202406,2,16,4564430.0,5664430.0,124.1
202404,Abril,202407,3,16,4564430.0,5664430.0,124.1
202404,Abril,202408,4,16,4564430.0,6214430.0,136.1
202404,Abril,202409,5,16,4564430.0,5664430.0,124.1
202404,Abril,202410,6,16,4564430.0,5664430.0,124.1
202404,Abril,202411,7,16,4564430.0,5515430.0,120.8
202404,Abril,202412,8,16,4564430.0,5515430.0,120.8
202405,Mayo,202405,0,23,8627000.0,8627000.0,100.0
202405,Mayo,202406,1,23,8627000.0,9177000.0,106.4
202405,Mayo,202407,2,23,8627000.0,8977000.0,104.1
202405,Mayo,202408,3,23,8627000.0,8828000.0,102.3
202405,Mayo,202409,4,23,8627000.0,8479000.0,98.3
202405,Mayo,202410,5,23,8627000.0,9029000.0,104.7
202405,Mayo,202411,6,23,8627000.0,8130000.0,94.2
202405,Mayo,202412,7,23,8627000.0,7431000.0,86.1
202406,Junio,202406,0,12,4294050.0,4294050.0,100.0
202406,Junio,202407,1,12,4294050.0,4145050.0,96.5
202406,Junio,202408,2,12,4294050.0,4695050.0,109.3
202406,Junio,202409,3,12,4294050.0,4695050.0,109.3
202406,Junio,202410,4,12,4294050.0,4695050.0,109.3
202406,Junio,202411,5,12,4294050.0,4546050.0,105.9
202406,Junio,202412,6,12,4294050.0,5096050.0,118.7
202407,Julio,202407,0,18,6244240.0,6244240.0,100.0
202407,Julio,202408,1,18,6244240.0,6794240.0,108.8
202407,Julio,202409,2,18,6244240.0,6794240.0,108.8
202407,Julio,202410,3,18,6244240.0,6645240.0,106.4
202407,Julio,202411,4,18,6244240.0,7545240.0,120.8
202407,Julio,202412,5,18,6244240.0,8095240.0,129.6
202408,Agosto,202408,0,18,6552080.0,6552080.0,100.0
202408,Agosto,202409,1,18,6552080.0,7102080.0,108.4
202408,Agosto,202410,2,18,6552080.0,5638398.0,86.1
202408,Agosto,202411,3,18,6552080.0,5289398.0,80.7
202408,Agosto,202412,4,18,6552080.0,5289398.0,80.7
202409,Septiembre,202409,0,22,6580830.0,6580830.0,100.0
202409,Septiembre,202410,1,22,6580830.0,6580830.0,100.0
202409,Septiembre,202411,2,22,6580830.0,6431830.0,97.7
202409,Septiembre,202412,3,22,6580830.0,7032830.0,106.9
