id_periodo,nombre_mes,mrr_inicio_mes,mrr_expansion,mrr_contraccion,mrr_churn,mrr_reactivacion,nrr_pct
202402,Febrero,8254340.0,550000.0,0.0,0.0,0.0,106.7
202403,Marzo,12945770.0,600000.0,1101498.0,149000.0,0.0,95.0
202404,Abril,21257752.0,200000.0,557591.0,847000.0,0.0,94.3
202405,Mayo,24617591.0,750000.0,200000.0,298000.0,0.0,101.0
202406,Junio,33496591.0,3350000.0,950000.0,298000.0,149000.0,106.7
202407,Julio,40041641.0,1100000.0,200000.0,1206916.0,0.0,99.2
202408,Agosto,45983949.0,2809431.0,550000.0,298000.0,0.0,104.3
202409,Septiembre,54846460.0,1300000.0,2050000.0,698000.0,0.0,97.4
202410,Octubre,59979290.0,2050000.0,1314682.0,1494000.0,0.0,98.7
202411,Noviembre,59220608.0,2600000.0,2066112.0,3192060.0,0.0,95.5
202412,Diciembre,56549326.0,2600000.0,1650000.0,298000.0,0.0,101.2
