id_periodo,nombre_mes,anio,mrr_total,arr_total,clientes_activos,nrr_pct,churn_logos_pct,churn_ingreso_pct,mrr_nuevo,mrr_expansion,mrr_contraccion,mrr_churn,mrr_reactivacion
202401,Enero,2024,8254340.0,99052080.0,28,,,,8254340.0,0.0,0.0,0.0,0.0
202402,Febrero,2024,12945770.0,155349240.0,44,106.7,0.0,0.0,4141430.0,550000.0,0.0,0.0,0.0
202403,Marzo,2024,21257752.0,255093024.0,67,95.0,2.27,1.15,8962480.0,600000.0,1101498.0,149000.0,0.0
202404,Abril,2024,24617591.0,295411092.0,80,94.3,4.48,3.98,4564430.0,200000.0,557591.0,847000.0,0.0
202405,Mayo,2024,33496591.0,401959092.0,101,101.0,2.5,1.21,8627000.0,750000.0,200000.0,298000.0,0.0
202406,Junio,2024,40041641.0,480499692.0,112,106.7,1.98,0.89,4294050.0,3350000.0,950000.0,298000.0,149000.0
202407,Julio,2024,45983949.0,551807388.0,126,99.2,3.57,3.01,6244240.0,1100000.0,200000.0,1206916.0,0.0
202408,Agosto,2024,54846460.0,658157520.0,143,104.3,1.59,0.65,6552080.0,2809431.0,550000.0,298000.0,0.0
202409,Septiembre,2024,59979290.0,719751480.0,163,97.4,1.4,1.27,6580830.0,1300000.0,2050000.0,698000.0,0.0
202410,Octubre,2024,59220608.0,710647296.0,157,98.7,3.68,2.49,0.0,2050000.0,1314682.0,1494000.0,0.0
202411,Noviembre,2024,56549326.0,678591912.0,146,95.5,7.01,5.39,0.0,2600000.0,2066112.0,3192060.0,0.0
202412,Diciembre,2024,57201326.0,686415912.0,144,101.2,1.37,0.53,0.0,2600000.0,1650000.0,298000.0,0.0
