id_periodo,nombre_mes,nombre_canal,gasto_cop,clientes_nuevos,cac_cop
202401,Enero,Organico,2019697,5,403939.0
202401,Enero,Outbound,7807918,4,1951979.0
202401,Enero,Pago-Google,2835219,2,1417609.0
202401,Enero,Pago-Meta,2893503,6,482250.0
202401,Enero,Partner,1549983,3,516661.0
202401,Enero,Referido,657356,5,131471.0
202402,Febrero,Organico,1818835,2,909417.0
202402,Febrero,Outbound,8355937,1,8355937.0
202402,Febrero,Pago-Google,3004921,4,751230.0
202402,Febrero,Pago-Meta,2088994,3,696331.0
202402,Febrero,Partner,1072192,1,1072192.0
202402,Febrero,Referido,615737,5,123147.0
202403,Marzo,Organico,1958225,6,326370.0
202403,Marzo,Outbound,8676604,2,4338302.0
202403,Marzo,Pago-Google,3495639,7,499377.0
202403,Marzo,Pago-Meta,2970937,6,495156.0
202403,Marzo,Partner,1103448,1,1103448.0
202403,Marzo,Referido,352572,2,176286.0
202404,Abril,Organico,1842204,5,368440.0
202404,Abril,Outbound,7594775,3,2531591.0
202404,Abril,Pago-Google,2093351,1,2093351.0
202404,Abril,Pago-Meta,2561824,4,640456.0
202404,Abril,Partner,1279108,2,639554.0
202404,Abril,Referido,394747,1,394747.0
202405,Mayo,Organico,2124930,3,708310.0
202405,Mayo,Outbound,8467409,2,4233704.0
202405,Mayo,Pago-Google,3591121,6,598520.0
202405,Mayo,Pago-Meta,2725463,5,545092.0
202405,Mayo,Partner,1177174,1,1177174.0
202405,Mayo,Referido,710130,6,118355.0
202406,Junio,Organico,1987109,4,496777.0
202406,Junio,Outbound,6818002,1,6818002.0
202406,Junio,Pago-Google,2227821,3,742607.0
202406,Junio,Pago-Meta,1708527,2,854263.0
202406,Junio,Partner,1104202,1,1104202.0
202406,Junio,Referido,380282,1,380282.0
202407,Julio,Organico,1710946,4,427736.0
202407,Julio,Outbound,8221343,0,
202407,Julio,Pago-Google,3067235,4,766808.0
202407,Julio,Pago-Meta,2197045,4,549261.0
202407,Julio,Partner,1517484,3,505828.0
202407,Julio,Referido,443105,3,147701.0
202408,Agosto,Organico,1879888,2,939944.0
202408,Agosto,Outbound,8219029,1,8219029.0
202408,Agosto,Pago-Google,4523743,8,565467.0
202408,Agosto,Pago-Meta,1789308,2,894654.0
202408,Agosto,Partner,1083508,1,1083508.0
202408,Agosto,Referido,532906,4,133226.0
202409,Septiembre,Organico,1892172,4,473043.0
202409,Septiembre,Outbound,7834092,1,7834092.0
202409,Septiembre,Pago-Google,1984230,1,1984230.0
202409,Septiembre,Pago-Meta,4086723,7,583817.0
202409,Septiembre,Partner,984646,1,984646.0
202409,Septiembre,Referido,717521,6,119586.0
202410,Octubre,Organico,2161712,0,
202410,Octubre,Outbound,7632515,0,
202410,Octubre,Pago-Google,1589885,0,
202410,Octubre,Pago-Meta,1244353,0,
202410,Octubre,Partner,1024366,0,
202410,Octubre,Referido,295915,0,
202411,Noviembre,Organico,1917607,0,
202411,Noviembre,Outbound,7798065,0,
202411,Noviembre,Pago-Google,1604529,0,
202411,Noviembre,Pago-Meta,1209222,0,
202411,Noviembre,Partner,914627,0,
202411,Noviembre,Referido,308395,0,
202412,Diciembre,Organico,1843447,0,
202412,Diciembre,Outbound,6444144,0,
202412,Diciembre,Pago-Google,1325867,0,
202412,Diciembre,Pago-Meta,1337677,0,
202412,Diciembre,Partner,955501,0,
202412,Diciembre,Referido,305990,0,
